Workbook

Sheet Opsummering
A1: Prisanalyse – Lars Frey-sortimentet
A2: Shopify-priser pr. 2. sep 2026 (efter dagens hævning af KRITISK-gruppen) mod leverandørens kostpriser. Alle 304 varianter på fanen Prisanalyse; moms og målavance på Forudsætninger.
A4: Prioritet | B4: Antal varianter | C4: Betydning
A5: KRITISK | B5: =COUNTIF(Prisanalyse!$I$2:$I$305,"KRITISK") -> 0 | C5: Sælges under kostpris / 0 kr
A6: HØJ | B6: =COUNTIF(Prisanalyse!$I$2:$I$305,"HØJ") -> 91 | C6: Under 20 % avance – næste runde
A7: MIDDEL | B7: =COUNTIF(Prisanalyse!$I$2:$I$305,"MIDDEL") -> 75 | C7: 20–35 % avance – vurdér produkt for produkt
A8: OK | B8: =COUNTIF(Prisanalyse!$I$2:$I$305,"OK") -> 120 | C8: 35 %+ – lad stå
A9: UKENDT | B9: =COUNTIF(Prisanalyse!$I$2:$I$305,"UKENDT") -> 18 | C9: Ingen kostpris fundet – slå op hos leverandøren
A11: Median-avance i dag (varianter med kostpris) | B11: =MEDIAN(Prisanalyse!H2:H305) -> 0.29836135
A12: Median-avance efter foreslåede priser | B12: =MEDIAN(Prisanalyse!L2:L305) -> 0.45418478
A14: Pr. kategori
A15: Kategori | B15: Varianter | C15: Heraf HØJ | D15: Heraf MIDDEL
A16: Afdækning | B16: =COUNTIF(Prisanalyse!$A$2:$A$305,A16) -> 15 | C16: =COUNTIFS(Prisanalyse!$A$2:$A$305,A16,Prisanalyse!$I$2:$I$305,"HØJ") -> 4 | D16: =COUNTIFS(Prisanalyse!$A$2:$A$305,A16,Prisanalyse!$I$2:$I$305,"MIDDEL") -> 8
A17: Anstrygere | B17: =COUNTIF(Prisanalyse!$A$2:$A$305,A17) -> 3 | C17: =COUNTIFS(Prisanalyse!$A$2:$A$305,A17,Prisanalyse!$I$2:$I$305,"HØJ") -> 1 | D17: =COUNTIFS(Prisanalyse!$A$2:$A$305,A17,Prisanalyse!$I$2:$I$305,"MIDDEL") -> 0
A18: Diverse | B18: =COUNTIF(Prisanalyse!$A$2:$A$305,A18) -> 33 | C18: =COUNTIFS(Prisanalyse!$A$2:$A$305,A18,Prisanalyse!$I$2:$I$305,"HØJ") -> 10 | D18: =COUNTIFS(Prisanalyse!$A$2:$A$305,A18,Prisanalyse!$I$2:$I$305,"MIDDEL") -> 6
A19: Handsker | B19: =COUNTIF(Prisanalyse!$A$2:$A$305,A19) -> 4 | C19: =COUNTIFS(Prisanalyse!$A$2:$A$305,A19,Prisanalyse!$I$2:$I$305,"HØJ") -> 0 | D19: =COUNTIFS(Prisanalyse!$A$2:$A$305,A19,Prisanalyse!$I$2:$I$305,"MIDDEL") -> 4
A20: Malerbakker | B20: =COUNTIF(Prisanalyse!$A$2:$A$305,A20) -> 4 | C20: =COUNTIFS(Prisanalyse!$A$2:$A$305,A20,Prisanalyse!$I$2:$I$305,"HØJ") -> 0 | D20: =COUNTIFS(Prisanalyse!$A$2:$A$305,A20,Prisanalyse!$I$2:$I$305,"MIDDEL") -> 3
A21: Pensler | B21: =COUNTIF(Prisanalyse!$A$2:$A$305,A21) -> 58 | C21: =COUNTIFS(Prisanalyse!$A$2:$A$305,A21,Prisanalyse!$I$2:$I$305,"HØJ") -> 10 | D21: =COUNTIFS(Prisanalyse!$A$2:$A$305,A21,Prisanalyse!$I$2:$I$305,"MIDDEL") -> 18
A22: Rullehåndtag | B22: =COUNTIF(Prisanalyse!$A$2:$A$305,A22) -> 10 | C22: =COUNTIFS(Prisanalyse!$A$2:$A$305,A22,Prisanalyse!$I$2:$I$305,"HØJ") -> 6 | D22: =COUNTIFS(Prisanalyse!$A$2:$A$305,A22,Prisanalyse!$I$2:$I$305,"MIDDEL") -> 0
A23: Ruller | B23: =COUNTIF(Prisanalyse!$A$2:$A$305,A23) -> 27 | C23: =COUNTIFS(Prisanalyse!$A$2:$A$305,A23,Prisanalyse!$I$2:$I$305,"HØJ") -> 7 | D23: =COUNTIFS(Prisanalyse!$A$2:$A$305,A23,Prisanalyse!$I$2:$I$305,"MIDDEL") -> 7
A24: Sandpapir | B24: =COUNTIF(Prisanalyse!$A$2:$A$305,A24) -> 101 | C24: =COUNTIFS(Prisanalyse!$A$2:$A$305,A24,Prisanalyse!$I$2:$I$305,"HØJ") -> 35 | D24: =COUNTIFS(Prisanalyse!$A$2:$A$305,A24,Prisanalyse!$I$2:$I$305,"MIDDEL") -> 20
A25: Spartler | B25: =COUNTIF(Prisanalyse!$A$2:$A$305,A25) -> 10 | C25: =COUNTIFS(Prisanalyse!$A$2:$A$305,A25,Prisanalyse!$I$2:$I$305,"HØJ") -> 1 | D25: =COUNTIFS(Prisanalyse!$A$2:$A$305,A25,Prisanalyse!$I$2:$I$305,"MIDDEL") -> 0
A26: Tape | B26: =COUNTIF(Prisanalyse!$A$2:$A$305,A26) -> 25 | C26: =COUNTIFS(Prisanalyse!$A$2:$A$305,A26,Prisanalyse!$I$2:$I$305,"HØJ") -> 13 | D26: =COUNTIFS(Prisanalyse!$A$2:$A$305,A26,Prisanalyse!$I$2:$I$305,"MIDDEL") -> 7
A27: Tilbehør | B27: =COUNTIF(Prisanalyse!$A$2:$A$305,A27) -> 14 | C27: =COUNTIFS(Prisanalyse!$A$2:$A$305,A27,Prisanalyse!$I$2:$I$305,"HØJ") -> 4 | D27: =COUNTIFS(Prisanalyse!$A$2:$A$305,A27,Prisanalyse!$I$2:$I$305,"MIDDEL") -> 2

Sheet Prisanalyse
A1: Kategori | B1: Produkt | C1: Variant | D1: SKU | E1: Pris i dag (inkl. moms) | F1: Pris ekskl. moms | G1: Kostpris ekskl. moms | H1: Avance i dag | I1: Prioritet | J1: Foreslået pris (inkl. moms) | K1: Stigning | L1: Ny avance | M1: Leverandørens varenavn | N1: Note
A2: Tape | B2: Washi-Tec Sensitive | Tape | C2: 48 mm | D2: 309-48 | E2: 161 | F2: =E2/(1+Forudsætninger!$B$3) -> 128.8 | G2: 128.7 | H2: =IF(OR(G2="",F2=0),"",(F2-G2)/F2) -> 0.00077639752 | I2: =IF(G2="","UKENDT",IF(OR(E2=0,H2<0),"KRITISK",IF(H2<0.2,"HØJ",IF(H2<0.35,"MIDDEL","OK")))) -> HØJ | J2: =IF(G2="","",MAX(E2,CEILING(G2/(1-Forudsætninger!$B$4)*(1+Forudsætninger!$B$3),IF(G2/(1-Forudsætninger!$B$4)*(1+Forudsætninger!$B$3)<50,1,IF(G2/(1-Forudsætninger!$B$4)*(1+Forudsætninger!$B$3)<200,5,10))))) -> 300 | K2: =IF(OR(J2="",E2=0),"",J2/E2-1) -> 0.86335404 | L2: =IF(J2="","",(J2/(1+Forudsætninger!$B$3)-G2)/(J2/(1+Forudsætninger!$B$3))) -> 0.46375 | M2: Kip Washi-Tec Sensitive Malertape 48 mm x 50 meter. 20stk/kolli.
A3: Diverse | B3: Fladpensel | C3: 40 mm | D3: 52-FACILE/40 | E3: 22 | F3: =E3/(1+Forudsætninger!$B$3) -> 17.6 | G3: 17.556 | H3: =IF(OR(G3="",F3=0),"",(F3-G3)/F3) -> 0.0025 | I3: =IF(G3="","UKENDT",IF(OR(E3=0,H3<0),"KRITISK",IF(H3<0.2,"HØJ",IF(H3<0.35,"MIDDEL","OK")))) -> HØJ | J3: =IF(G3="","",MAX(E3,CEILING(G3/(1-Forudsætninger!$B$4)*(1+Forudsætninger!$B$3),IF(G3/(1-Forudsætninger!$B$4)*(1+Forudsætninger!$B$3)<50,1,IF(G3/(1-Forudsætninger!$B$4)*(1+Forudsætninger!$B$3)<200,5,10))))) -> 40 | K3: =IF(OR(J3="",E3=0),"",J3/E3-1) -> 0.81818182 | L3: =IF(J3="","",(J3/(1+Forudsætninger!$B$3)-G3)/(J3/(1+Forudsætninger!$B$3))) -> 0.451375 | M3: Pronelli. Fladpensel 40mm Mix/plastskaft.
A4: Diverse | B4: Fladpensel | C4: 70 mm | D4: 52-FACILE/70 | E4: 40 | F4: =E4/(1+Forudsætninger!$B$3) -> 32 | G4: 31.9 | H4: =IF(OR(G4="",F4=0),"",(F4-G4)/F4) -> 0.003125 | I4: =IF(G4="","UKENDT",IF(OR(E4=0,H4<0),"KRITISK",IF(H4<0.2,"HØJ",IF(H4<0.35,"MIDDEL","OK")))) -> HØJ | J4: =IF(G4="","",MAX(E4,CEILING(G4/(1-Forudsætninger!$B$4)*(1+Forudsætninger!$B$3),IF(G4/(1-Forudsætninger!$B$4)*(1+Forudsætninger!$B$3)<50,1,IF(G4/(1-Forudsætninger!$B$4)*(1+Forudsætninger!$B$3)<200,5,10))))) -> 75 | K4: =IF(OR(J4="",E4=0),"",J4/E4-1) -> 0.875 | L4: =IF(J4="","",(J4/(1+Forudsætninger!$B$3)-G4)/(J4/(1+Forudsætninger!$B$3))) -> 0.46833333 | M4: Pronelli. Fladpensel 70mm Mix/plastskaft.
A5: Anstrygere | B5: Anstryger | Natur | C5: 70x170 mm | D5: 52-254/70170 | E5: 450 | F5: =E5/(1+Forudsætninger!$B$3) -> 360 | G5: 358.468 | H5: =IF(OR(G5="",F5=0),"",(F5-G5)/F5) -> 0.0042555556 | I5: =IF(G5="","UKENDT",IF(OR(E5=0,H5<0),"KRITISK",IF(H5<0.2,"HØJ",IF(H5<0.35,"MIDDEL","OK")))) -> HØJ | J5: =IF(G5="","",MAX(E5,CEILING(G5/(1-Forudsætninger!$B$4)*(1+Forudsætninger!$B$3),IF(G5/(1-Forudsætninger!$B$4)*(1+Forudsætninger!$B$3)<50,1,IF(G5/(1-Forudsætninger!$B$4)*(1+Forudsætninger!$B$3)<200,5,10))))) -> 820 | K5: =IF(OR(J5="",E5=0),"",J5/E5-1) -> 0.82222222 | L5: =IF(J5="","",(J5/(1+Forudsætninger!$B$3)-G5)/(J5/(1+Forudsætninger!$B$3))) -> 0.45355488 | M5: Gamma Anstryger Naturbørste m/Softgrib 70x170mm - 604581
A6: Tape | B6: Ultra Sharp Red | Tape | C6: 24 mm | D6: 3301-24 | E6: 111 | F6: =E6/(1+Forudsætninger!$B$3) -> 88.8 | G6: 88 | H6: =IF(OR(G6="",F6=0),"",(F6-G6)/F6) -> 0.009009009 | I6: =IF(G6="","UKENDT",IF(OR(E6=0,H6<0),"KRITISK",IF(H6<0.2,"HØJ",IF(H6<0.35,"MIDDEL","OK")))) -> HØJ | J6: =IF(G6="","",MAX(E6,CEILING(G6/(1-Forudsætninger!$B$4)*(1+Forudsætninger!$B$3),IF(G6/(1-Forudsætninger!$B$4)*(1+Forudsætninger!$B$3)<50,1,IF(G6/(1-Forudsætninger!$B$4)*(1+Forudsætninger!$B$3)<200,5,10))))) -> 200 | K6: =IF(OR(J6="",E6=0),"",J6/E6-1) -> 0.8018018 | L6: =IF(J6="","",(J6/(1+Forudsætninger!$B$3)-G6)/(J6/(1+Forudsætninger!$B$3))) -> 0.45 | M6: ULTRA SHARP RED 24X50MM 36STK/KOLLI.
A7: Tape | B7: Projekt Washi UV tape | Tape | C7: 48 mm | D7: 508-48 | E7: 90 | F7: =E7/(1+Forudsætninger!$B$3) -> 72 | G7: 70.4 | H7: =IF(OR(G7="",F7=0),"",(F7-G7)/F7) -> 0.022222222 | I7: =IF(G7="","UKENDT",IF(OR(E7=0,H7<0),"KRITISK",IF(H7<0.2,"HØJ",IF(H7<0.35,"MIDDEL","OK")))) -> HØJ | J7: =IF(G7="","",MAX(E7,CEILING(G7/(1-Forudsætninger!$B$4)*(1+Forudsætninger!$B$3),IF(G7/(1-Forudsætninger!$B$4)*(1+Forudsætninger!$B$3)<50,1,IF(G7/(1-Forudsætninger!$B$4)*(1+Forudsætninger!$B$3)<200,5,10))))) -> 160 | K7: =IF(OR(J7="",E7=0),"",J7/E7-1) -> 0.77777778 | L7: =IF(J7="","",(J7/(1+Forudsætninger!$B$3)-G7)/(J7/(1+Forudsætninger!$B$3))) -> 0.45 | M7: Projekt Washi UV TAPE. 48MMX50M 36. 20STK/KOLLI.
A8: Diverse | B8: Fladpensel | C8: 60 mm | D8: 52-FACILE/60 | E8: 34 | F8: =E8/(1+Forudsætninger!$B$3) -> 27.2 | G8: 26.576 | H8: =IF(OR(G8="",F8=0),"",(F8-G8)/F8) -> 0.022941176 | I8: =IF(G8="","UKENDT",IF(OR(E8=0,H8<0),"KRITISK",IF(H8<0.2,"HØJ",IF(H8<0.35,"MIDDEL","OK")))) -> HØJ | J8: =IF(G8="","",MAX(E8,CEILING(G8/(1-Forudsætninger!$B$4)*(1+Forudsætninger!$B$3),IF(G8/(1-Forudsætninger!$B$4)*(1+Forudsætninger!$B$3)<50,1,IF(G8/(1-Forudsætninger!$B$4)*(1+Forudsætninger!$B$3)<200,5,10))))) -> 65 | K8: =IF(OR(J8="",E8=0),"",J8/E8-1) -> 0.91176471 | L8: =IF(J8="","",(J8/(1+Forudsætninger!$B$3)-G8)/(J8/(1+Forudsætninger!$B$3))) -> 0.48892308 | M8: Pronelli. Fladpensel 60mm Mix/plastskaft.
A9: Pensler | B9: Facadepensel | Mix | C9: 120mm | D9: 52-212/312 | E9: 106 | F9: =E9/(1+Forudsætninger!$B$3) -> 84.8 | G9: 82.478 | H9: =IF(OR(G9="",F9=0),"",(F9-G9)/F9) -> 0.027382075 | I9: =IF(G9="","UKENDT",IF(OR(E9=0,H9<0),"KRITISK",IF(H9<0.2,"HØJ",IF(H9<0.35,"MIDDEL","OK")))) -> HØJ | J9: =IF(G9="","",MAX(E9,CEILING(G9/(1-Forudsætninger!$B$4)*(1+Forudsætninger!$B$3),IF(G9/(1-Forudsætninger!$B$4)*(1+Forudsætninger!$B$3)<50,1,IF(G9/(1-Forudsætninger!$B$4)*(1+Forudsætninger!$B$3)<200,5,10))))) -> 190 | K9: =IF(OR(J9="",E9=0),"",J9/E9-1) -> 0.79245283 | L9: =IF(J9="","",(J9/(1+Forudsætninger!$B$3)-G9)/(J9/(1+Forudsætninger!$B$3))) -> 0.45738158 | M9: Gamma Anstryge mix børster 3x312
A10: Tape | B10: Washi Tape Premium | Tape | C10: 24 mm | D10: 3808-24 | E10: 60 | F10: =E10/(1+Forudsætninger!$B$3) -> 48 | G10: 46.64 | H10: =IF(OR(G10="",F10=0),"",(F10-G10)/F10) -> 0.028333333 | I10: =IF(G10="","UKENDT",IF(OR(E10=0,H10<0),"KRITISK",IF(H10<0.2,"HØJ",IF(H10<0.35,"MIDDEL","OK")))) -> HØJ | J10: =IF(G10="","",MAX(E10,CEILING(G10/(1-Forudsætninger!$B$4)*(1+Forudsætninger!$B$3),IF(G10/(1-Forudsætninger!$B$4)*(1+Forudsætninger!$B$3)<50,1,IF(G10/(1-Forudsætninger!$B$4)*(1+Forudsætninger!$B$3)<200,5,10))))) -> 110 | K10: =IF(OR(J10="",E10=0),"",J10/E10-1) -> 0.83333333 | L10: =IF(J10="","",(J10/(1+Forudsætninger!$B$3)-G10)/(J10/(1+Forudsætninger!$B$3))) -> 0.47 | M10: WASHI TAPE PREMIUM 24X50MM 36STK/KOLLI.
A11: Diverse | B11: Fladpensel | C11: 20 mm | D11: 52-FACILE/20 | E11: 18 | F11: =E11/(1+Forudsætninger!$B$3) -> 14.4 | G11: 13.86 | H11: =IF(OR(G11="",F11=0),"",(F11-G11)/F11) -> 0.0375 | I11: =IF(G11="","UKENDT",IF(OR(E11=0,H11<0),"KRITISK",IF(H11<0.2,"HØJ",IF(H11<0.35,"MIDDEL","OK")))) -> HØJ | J11: =IF(G11="","",MAX(E11,CEILING(G11/(1-Forudsætninger!$B$4)*(1+Forudsætninger!$B$3),IF(G11/(1-Forudsætninger!$B$4)*(1+Forudsætninger!$B$3)<50,1,IF(G11/(1-Forudsætninger!$B$4)*(1+Forudsætninger!$B$3)<200,5,10))))) -> 32 | K11: =IF(OR(J11="",E11=0),"",J11/E11-1) -> 0.77777778 | L11: =IF(J11="","",(J11/(1+Forudsætninger!$B$3)-G11)/(J11/(1+Forudsætninger!$B$3))) -> 0.45859375 | M11: Pronelli. Fladpensel 20mm Mix/plastskaft.
A12: Tilbehør | B12: Hobbykniv | C12: 18mm (48 stk.) | D12: 811502K | E12: 16 | F12: =E12/(1+Forudsætninger!$B$3) -> 12.8 | G12: 12.1 | H12: =IF(OR(G12="",F12=0),"",(F12-G12)/F12) -> 0.0546875 | I12: =IF(G12="","UKENDT",IF(OR(E12=0,H12<0),"KRITISK",IF(H12<0.2,"HØJ",IF(H12<0.35,"MIDDEL","OK")))) -> HØJ | J12: =IF(G12="","",MAX(E12,CEILING(G12/(1-Forudsætninger!$B$4)*(1+Forudsætninger!$B$3),IF(G12/(1-Forudsætninger!$B$4)*(1+Forudsætninger!$B$3)<50,1,IF(G12/(1-Forudsætninger!$B$4)*(1+Forudsætninger!$B$3)<200,5,10))))) -> 28 | K12: =IF(OR(J12="",E12=0),"",J12/E12-1) -> 0.75 | L12: =IF(J12="","",(J12/(1+Forudsætninger!$B$3)-G12)/(J12/(1+Forudsætninger!$B$3))) -> 0.45982143 | M12: Cutter Kniv 18mm. MK. 48 stk/pr kasse.
A13: Tilbehør | B13: Hobbykniv | C13: 18mm (6 stk.) | D13: 816920SB | E13: 56 | F13: =E13/(1+Forudsætninger!$B$3) -> 44.8 | G13: 41.8 | H13: =IF(OR(G13="",F13=0),"",(F13-G13)/F13) -> 0.066964286 | I13: =IF(G13="","UKENDT",IF(OR(E13=0,H13<0),"KRITISK",IF(H13<0.2,"HØJ",IF(H13<0.35,"MIDDEL","OK")))) -> HØJ | J13: =IF(G13="","",MAX(E13,CEILING(G13/(1-Forudsætninger!$B$4)*(1+Forudsætninger!$B$3),IF(G13/(1-Forudsætninger!$B$4)*(1+Forudsætninger!$B$3)<50,1,IF(G13/(1-Forudsætninger!$B$4)*(1+Forudsætninger!$B$3)<200,5,10))))) -> 95 | K13: =IF(OR(J13="",E13=0),"",J13/E13-1) -> 0.69642857 | L13: =IF(J13="","",(J13/(1+Forudsætninger!$B$3)-G13)/(J13/(1+Forudsætninger!$B$3))) -> 0.45 | M13: Cutter Kniv Premium 18mm. MK. 6 stk/pr kasse.
... A40: Rullehåndtag | B40: Håndtag 10 cm | Håndtag | C40: 10 cm | D40: 725412SB | E40: 44 | F40: =E40/(1+Forudsætninger!$B$3) -> 35.2 | G40: 31.9 | H40: =IF(OR(G40="",F40=0),"",(F40-G40)/F40) -> 0.09375 | I40: =IF(G40="","UKENDT",IF(OR(E40=0,H40<0),"KRITISK",IF(H40<0.2,"HØJ",IF(H40<0.35,"MIDDEL","OK")))) -> HØJ | J40: =IF(G40="","",MAX(E40,CEILING(G40/(1-Forudsætninger!$B$4)*(1+Forudsætninger!$B$3),IF(G40/(1-Forudsætninger!$B$4)*(1+Forudsætninger!$B$3)<50,1,IF(G40/(1-Forudsætninger!$B$4)*(1+Forudsætninger!$B$3)<200,5,10))))) -> 75 | K40: =IF(OR(J40="",E40=0),"",J40/E40-1) -> 0.70454545 | L40: =IF(J40="","",(J40/(1+Forudsætninger!$B$3)-G40)/(J40/(1+Forudsætninger!$B$3))) -> 0.46833333 | M40: Håndtag 10cm. Soft Grib. MK
A41: Sandpapir | B41: Slibeklods, kork | Slibepapir | C41: 70x93 mm | D41: 85912 | E41: 44 | F41: =E41/(1+Forudsætninger!$B$3) -> 35.2 | G41: 31.9 | H41: =IF(OR(G41="",F41=0),"",(F41-G41)/F41) -> 0.09375 | I41: =IF(G41="","UKENDT",IF(OR(E41=0,H41<0),"KRITISK",IF(H41<0.2,"HØJ",IF(H41<0.35,"MIDDEL","OK")))) -> HØJ | J41: =IF(G41="","",MAX(E41,CEILING(G41/(1-Forudsætninger!$B$4)*(1+Forudsætninger!$B$3),IF(G41/(1-Forudsætninger!$B$4)*(1+Forudsætninger!$B$3)<50,1,IF(G41/(1-Forudsætninger!$B$4)*(1+Forudsætninger!$B$3)<200,5,10))))) -> 75 | K41: =IF(OR(J41="",E41=0),"",J41/E41-1) -> 0.70454545 | L41: =IF(J41="","",(J41/(1+Forudsætninger!$B$3)-G41)/(J41/(1+Forudsætninger!$B$3))) -> 0.46833333 | M41: Kork slibeklods 70x93mm 10 stk/pk. | N41: Leverandørpris 31,90 er muligvis pr. 10-pak (uklart på listen) – tjek.
A42: Rullehåndtag | B42: Håndtag 15-25 cm | Håndtag | C42: 18 cm | D42: 1864-366 | E42: 41 | F42: =E42/(1+Forudsætninger!$B$3) -> 32.8 | G42: 29.7 | H42: =IF(OR(G42="",F42=0),"",(F42-G42)/F42) -> 0.094512195 | I42: =IF(G42="","UKENDT",IF(OR(E42=0,H42<0),"KRITISK",IF(H42<0.2,"HØJ",IF(H42<0.35,"MIDDEL","OK")))) -> HØJ | J42: =IF(G42="","",MAX(E42,CEILING(G42/(1-Forudsætninger!$B$4)*(1+Forudsætninger!$B$3),IF(G42/(1-Forudsætninger!$B$4)*(1+Forudsætninger!$B$3)<50,1,IF(G42/(1-Forudsætninger!$B$4)*(1+Forudsætninger!$B$3)<200,5,10))))) -> 70 | K42: =IF(OR(J42="",E42=0),"",J42/E42-1) -> 0.70731707 | L42: =IF(J42="","",(J42/(1+Forudsætninger!$B$3)-G42)/(J42/(1+Forudsætninger!$B$3))) -> 0.46964286 | M42: Pronelli Håndtag 18cm.
A43: Rullehåndtag | B43: Håndtag 10 cm | Håndtag | C43: 10 cm | D43: 1061-366 | E43: 35 | F43: =E43/(1+Forudsætninger!$B$3) -> 28 | G43: 25.3 | H43: =IF(OR(G43="",F43=0),"",(F43-G43)/F43) -> 0.096428571 | I43: =IF(G43="","UKENDT",IF(OR(E43=0,H43<0),"KRITISK",IF(H43<0.2,"HØJ",IF(H43<0.35,"MIDDEL","OK")))) -> HØJ | J43: =IF(G43="","",MAX(E43,CEILING(G43/(1-Forudsætninger!$B$4)*(1+Forudsætninger!$B$3),IF(G43/(1-Forudsætninger!$B$4)*(1+Forudsætninger!$B$3)<50,1,IF(G43/(1-Forudsætninger!$B$4)*(1+Forudsætninger!$B$3)<200,5,10))))) -> 60 | K43: =IF(OR(J43="",E43=0),"",J43/E43-1) -> 0.71428571 | L43: =IF(J43="","",(J43/(1+Forudsætninger!$B$3)-G43)/(J43/(1+Forudsætninger!$B$3))) -> 0.47291667 | M43: Pronelli Håndtag 10cm. B.115gr-N.106gr.
A44: Pensler | B44: Fladpensel | Gemini | C44: 50mm | D44: 52-TINGO/50F1 | E44: 70 | F44: =E44/(1+Forudsætninger!$B$3) -> 56 | G44: 50.49 | H44: =IF(OR(G44="",F44=0),"",(F44-G44)/F44) -> 0.098392857 | I44: =IF(G44="","UKENDT",IF(OR(E44=0,H44<0),"KRITISK",IF(H44<0.2,"HØJ",IF(H44<0.35,"MIDDEL","OK")))) -> HØJ | J44: =IF(G44="","",MAX(E44,CEILING(G44/(1-Forudsætninger!$B$4)*(1+Forudsætninger!$B$3),IF(G44/(1-Forudsætninger!$B$4)*(1+Forudsætninger!$B$3)<50,1,IF(G44/(1-Forudsætninger!$B$4)*(1+Forudsætninger!$B$3)<200,5,10))))) -> 115 | K44: =IF(OR(J44="",E44=0),"",J44/E44-1) -> 0.64285714 | L44: =IF(J44="","",(J44/(1+Forudsætninger!$B$3)-G44)/(J44/(1+Forudsætninger!$B$3))) -> 0.45119565 | M44: Pronelli Gemini. Fladpensel 50mm
A45: Pensler | B45: Fladpensel | Gemini | C45: 30mm | D45: 52-TINGO/30F1 | E45: 42 | F45: =E45/(1+Forudsætninger!$B$3) -> 33.6 | G45: 30.294 | H45: =IF(OR(G45="",F45=0),"",(F45-G45)/F45) -> 0.098392857 | I45: =IF(G45="","UKENDT",IF(OR(E45=0,H45<0),"KRITISK",IF(H45<0.2,"HØJ",IF(H45<0.35,"MIDDEL","OK")))) -> HØJ | J45: =IF(G45="","",MAX(E45,CEILING(G45/(1-Forudsætninger!$B$4)*(1+Forudsætninger!$B$3),IF(G45/(1-Forudsætninger!$B$4)*(1+Forudsætninger!$B$3)<50,1,IF(G45/(1-Forudsætninger!$B$4)*(1+Forudsætninger!$B$3)<200,5,10))))) -> 70 | K45: =IF(OR(J45="",E45=0),"",J45/E45-1) -> 0.66666667 | L45: =IF(J45="","",(J45/(1+Forudsætninger!$B$3)-G45)/(J45/(1+Forudsætninger!$B$3))) -> 0.45903571 | M45: Pronelli Gemini. Fladpensel 30mm
A46: Diverse | B46: Penselsæt | C46: – | D46: 100002SB | E46: 29 | F46: =E46/(1+Forudsætninger!$B$3) -> 23.2 | G46: 20.9 | H46: =IF(OR(G46="",F46=0),"",(F46-G46)/F46) -> 0.099137931 | I46: =IF(G46="","UKENDT",IF(OR(E46=0,H46<0),"KRITISK",IF(H46<0.2,"HØJ",IF(H46<0.35,"MIDDEL","OK")))) -> HØJ | J46: =IF(G46="","",MAX(E46,CEILING(G46/(1-Forudsætninger!$B$4)*(1+Forudsætninger!$B$3),IF(G46/(1-Forudsætninger!$B$4)*(1+Forudsætninger!$B$3)<50,1,IF(G46/(1-Forudsætninger!$B$4)*(1+Forudsætninger!$B$3)<200,5,10))))) -> 48 | K46: =IF(OR(J46="",E46=0),"",J46/E46-1) -> 0.65517241 | L46: =IF(J46="","",(J46/(1+Forudsætninger!$B$3)-G46)/(J46/(1+Forudsætninger!$B$3))) -> 0.45572917 | M46: Penselsæt Fine børster. no 4-10
A47: Ruller | B47: Blue Tex | Ruller | C47: 10 cm | D47: 973410-10 | E47: 22 | F47: =E47/(1+Forudsætninger!$B$3) -> 17.6 | G47: 15.774 | H47: =IF(OR(G47="",F47=0),"",(F47-G47)/F47) -> 0.10375 | I47: =IF(G47="","UKENDT",IF(OR(E47=0,H47<0),"KRITISK",IF(H47<0.2,"HØJ",IF(H47<0.35,"MIDDEL","OK")))) -> HØJ | J47: =IF(G47="","",MAX(E47,CEILING(G47/(1-Forudsætninger!$B$4)*(1+Forudsætninger!$B$3),IF(G47/(1-Forudsætninger!$B$4)*(1+Forudsætninger!$B$3)<50,1,IF(G47/(1-Forudsætninger!$B$4)*(1+Forudsætninger!$B$3)<200,5,10))))) -> 36 | K47: =IF(OR(J47="",E47=0),"",J47/E47-1) -> 0.63636364 | L47: =IF(J47="","",(J47/(1+Forudsætninger!$B$3)-G47)/(J47/(1+Forudsætninger!$B$3))) -> 0.45229167 | M47: Microfiber Blue-tex 10cm/Ø15mm/luv16mm 10 stk pk. | N47: Leverandørpris 15,77 er muligvis pr. 10-pak (uklart på listen) – tjek.
A48: Spartler | B48: Japan spartelsæt | C48: 50-120 mm | D48: 812004SB | E48: 60 | F48: =E48/(1+Forudsætninger!$B$3) -> 48 | G48: 42.9 | H48: =IF(OR(G48="",F48=0),"",(F48-G48)/F48) -> 0.10625 | I48: =IF(G48="","UKENDT",IF(OR(E48=0,H48<0),"KRITISK",IF(H48<0.2,"HØJ",IF(H48<0.35,"MIDDEL","OK")))) -> HØJ | J48: =IF(G48="","",MAX(E48,CEILING(G48/(1-Forudsætninger!$B$4)*(1+Forudsætninger!$B$3),IF(G48/(1-Forudsætninger!$B$4)*(1+Forudsætninger!$B$3)<50,1,IF(G48/(1-Forudsætninger!$B$4)*(1+Forudsætninger!$B$3)<200,5,10))))) -> 100 | K48: =IF(OR(J48="",E48=0),"",J48/E48-1) -> 0.66666667 | L48: =IF(J48="","",(J48/(1+Forudsætninger!$B$3)-G48)/(J48/(1+Forudsætninger!$B$3))) -> 0.46375 | M48: Japanspartel sæt.
A49: Diverse | B49: Rullebakkesæt inkl. pensel | C49: – | D49: SET724400-05 | E49: 71 | F49: =E49/(1+Forudsætninger!$B$3) -> 56.8 | G49: 50.6 | H49: =IF(OR(G49="",F49=0),"",(F49-G49)/F49) -> 0.10915493 | I49: =IF(G49="","UKENDT",IF(OR(E49=0,H49<0),"KRITISK",IF(H49<0.2,"HØJ",IF(H49<0.35,"MIDDEL","OK")))) -> HØJ | J49: =IF(G49="","",MAX(E49,CEILING(G49/(1-Forudsætninger!$B$4)*(1+Forudsætninger!$B$3),IF(G49/(1-Forudsætninger!$B$4)*(1+Forudsætninger!$B$3)<50,1,IF(G49/(1-Forudsætninger!$B$4)*(1+Forudsætninger!$B$3)<200,5,10))))) -> 115 | K49: =IF(OR(J49="",E49=0),"",J49/E49-1) -> 0.61971831 | L49: =IF(J49="","",(J49/(1+Forudsætninger!$B$3)-G49)/(J49/(1+Forudsætninger!$B$3))) -> 0.45 | M49: Rullebakkesæt bestående af 5 dele. Rulle / pensler mv.
A50: Pensler | B50: Jumbopensel ECO | C50: 50mm | D50: 52-292ECO/50F1 | E50: 90 | F50: =E50/(1+Forudsætninger!$B$3) -> 72 | G50: 63.8 | H50: =IF(OR(G50="",F50=0),"",(F50-G50)/F50) -> 0.11388889 | I50: =IF(G50="","UKENDT",IF(OR(E50=0,H50<0),"KRITISK",IF(H50<0.2,"HØJ",IF(H50<0.35,"MIDDEL","OK")))) -> HØJ | J50: =IF(G50="","",MAX(E50,CEILING(G50/(1-Forudsætninger!$B$4)*(1+Forudsætninger!$B$3),IF(G50/(1-Forudsætninger!$B$4)*(1+Forudsætninger!$B$3)<50,1,IF(G50/(1-Forudsætninger!$B$4)*(1+Forudsætninger!$B$3)<200,5,10))))) -> 145 | K50: =IF(OR(J50="",E50=0),"",J50/E50-1) -> 0.61111111 | L50: =IF(J50="","",(J50/(1+Forudsætninger!$B$3)-G50)/(J50/(1+Forudsætninger!$B$3))) -> 0.45 | M50: ProNelli Jumbo 50 ECO
A51: Tape | B51: Projekt Washi UV tape | Tape | C51: 36 mm | D51: 508-36 | E51: 75 | F51: =E51/(1+Forudsætninger!$B$3) -> 60 | G51: 52.8 | H51: =IF(OR(G51="",F51=0),"",(F51-G51)/F51) -> 0.12 | I51: =IF(G51="","UKENDT",IF(OR(E51=0,H51<0),"KRITISK",IF(H51<0.2,"HØJ",IF(H51<0.35,"MIDDEL","OK")))) -> HØJ | J51: =IF(G51="","",MAX(E51,CEILING(G51/(1-Forudsætninger!$B$4)*(1+Forudsætninger!$B$3),IF(G51/(1-Forudsætninger!$B$4)*(1+Forudsætninger!$B$3)<50,1,IF(G51/(1-Forudsætninger!$B$4)*(1+Forudsætninger!$B$3)<200,5,10))))) -> 120 | K51: =IF(OR(J51="",E51=0),"",J51/E51-1) -> 0.6 | L51: =IF(J51="","",(J51/(1+Forudsætninger!$B$3)-G51)/(J51/(1+Forudsætninger!$B$3))) -> 0.45 | M51: Projekt Washi UV TAPE. 36MMX50M 24STK/KOLLI.
A52: Rullehåndtag | B52: Håndtag 15-25 cm | Håndtag | C52: 15 cm | D52: 972915 | E52: 50 | F52: =E52/(1+Forudsætninger!$B$3) -> 40 | G52: 34.65 | H52: =IF(OR(G52="",F52=0),"",(F52-G52)/F52) -> 0.13375 | I52: =IF(G52="","UKENDT",IF(OR(E52=0,H52<0),"KRITISK",IF(H52<0.2,"HØJ",IF(H52<0.35,"MIDDEL","OK")))) -> HØJ | J52: =IF(G52="","",MAX(E52,CEILING(G52/(1-Forudsætninger!$B$4)*(1+Forudsætninger!$B$3),IF(G52/(1-Forudsætninger!$B$4)*(1+Forudsætninger!$B$3)<50,1,IF(G52/(1-Forudsætninger!$B$4)*(1+Forudsætninger!$B$3)<200,5,10))))) -> 80 | K52: =IF(OR(J52="",E52=0),"",J52/E52-1) -> 0.6 | L52: =IF(J52="","",(J52/(1+Forudsætninger!$B$3)-G52)/(J52/(1+Forudsætninger!$B$3))) -> 0.45859375 | M52: Håndtag Sort Grib 15 cm. MK
A53: Tape | B53: Masking tape standard | Tape | C53: 24 mm | D53: 3804-24 | E53: 27 | F53: =E53/(1+Forudsætninger!$B$3) -> 21.6 | G53: 18.7 | H53: =IF(OR(G53="",F53=0),"",(F53-G53)/F53) -> 0.13425926 | I53: =IF(G53="","UKENDT",IF(OR(E53=0,H53<0),"KRITISK",IF(H53<0.2,"HØJ",IF(H53<0.35,"MIDDEL","OK")))) -> HØJ | J53: =IF(G53="","",MAX(E53,CEILING(G53/(1-Forudsætninger!$B$4)*(1+Forudsætninger!$B$3),IF(G53/(1-Forudsætninger!$B$4)*(1+Forudsætninger!$B$3)<50,1,IF(G53/(1-Forudsætninger!$B$4)*(1+Forudsætninger!$B$3)<200,5,10))))) -> 43 | K53: =IF(OR(J53="",E53=0),"",J53/E53-1) -> 0.59259259 | L53: =IF(J53="","",(J53/(1+Forudsætninger!$B$3)-G53)/(J53/(1+Forudsætninger!$B$3))) -> 0.45639535 | M53: MASKING TAPE STANDARD 24X50MM. 36 STK/KOLLI
A54: Ruller | B54: Skumvalse | Ruller | C54: 5 cm | D54: 745206-02 | E54: 32 | F54: =E54/(1+Forudsætninger!$B$3) -> 25.6 | G54: 21.956 | H54: =IF(OR(G54="",F54=0),"",(F54-G54)/F54) -> 0.14234375 | I54: =IF(G54="","UKENDT",IF(OR(E54=0,H54<0),"KRITISK",IF(H54<0.2,"HØJ",IF(H54<0.35,"MIDDEL","OK")))) -> HØJ | J54: =IF(G54="","",MAX(E54,CEILING(G54/(1-Forudsætninger!$B$4)*(1+Forudsætninger!$B$3),IF(G54/(1-Forudsætninger!$B$4)*(1+Forudsætninger!$B$3)<50,1,IF(G54/(1-Forudsætninger!$B$4)*(1+Forudsætninger!$B$3)<200,5,10))))) -> 50 | K54: =IF(OR(J54="",E54=0),"",J54/E54-1) -> 0.5625 | L54: =IF(J54="","",(J54/(1+Forudsætninger!$B$3)-G54)/(J54/(1+Forudsætninger!$B$3))) -> 0.4511 | M54: Skumrulle 5cm, (2stk-pk.) MK
A55: Tape | B55: Washi Tape Premium | Tape | C55: 36 mm | D55: 3808-36 | E55: 90 | F55: =E55/(1+Forudsætninger!$B$3) -> 72 | G55: 61.6 | H55: =IF(OR(G55="",F55=0),"",(F55-G55)/F55) -> 0.14444444 | I55: =IF(G55="","UKENDT",IF(OR(E55=0,H55<0),"KRITISK",IF(H55<0.2,"HØJ",IF(H55<0.35,"MIDDEL","OK")))) -> HØJ | J55: =IF(G55="","",MAX(E55,CEILING(G55/(1-Forudsætninger!$B$4)*(1+Forudsætninger!$B$3),IF(G55/(1-Forudsætninger!$B$4)*(1+Forudsætninger!$B$3)<50,1,IF(G55/(1-Forudsætninger!$B$4)*(1+Forudsætninger!$B$3)<200,5,10))))) -> 140 | K55: =IF(OR(J55="",E55=0),"",J55/E55-1) -> 0.55555556 | L55: =IF(J55="","",(J55/(1+Forudsætninger!$B$3)-G55)/(J55/(1+Forudsætninger!$B$3))) -> 0.45 | M55: WASHI TAPE PREMIUM 36X50MM 24STK/KOLLI.
A56: Diverse | B56: Penselsæt | C56: 40-100 mm | D56: 52-9160 | E56: 126 | F56: =E56/(1+Forudsætninger!$B$3) -> 100.8 | G56: 85.8 | H56: =IF(OR(G56="",F56=0),"",(F56-G56)/F56) -> 0.14880952 | I56: =IF(G56="","UKENDT",IF(OR(E56=0,H56<0),"KRITISK",IF(H56<0.2,"HØJ",IF(H56<0.35,"MIDDEL","OK")))) -> HØJ | J56: =IF(G56="","",MAX(E56,CEILING(G56/(1-Forudsætninger!$B$4)*(1+Forudsætninger!$B$3),IF(G56/(1-Forudsætninger!$B$4)*(1+Forudsætninger!$B$3)<50,1,IF(G56/(1-Forudsætninger!$B$4)*(1+Forudsætninger!$B$3)<200,5,10))))) -> 195 | K56: =IF(OR(J56="",E56=0),"",J56/E56-1) -> 0.54761905 | L56: =IF(J56="","",(J56/(1+Forudsætninger!$B$3)-G56)/(J56/(1+Forudsætninger!$B$3))) -> 0.45 | M56: Pronelli Penselsæt. 100-50-40 mm. Blåt håndtag med grå børster.
A57: Tape | B57: Ultra Sharp Red | Tape | C57: 36 mm | D57: 3301-36 | E57: 180 | F57: =E57/(1+Forudsætninger!$B$3) -> 144 | G57: 121 | H57: =IF(OR(G57="",F57=0),"",(F57-G57)/F57) -> 0.15972222 | I57: =IF(G57="","UKENDT",IF(OR(E57=0,H57<0),"KRITISK",IF(H57<0.2,"HØJ",IF(H57<0.35,"MIDDEL","OK")))) -> HØJ | J57: =IF(G57="","",MAX(E57,CEILING(G57/(1-Forudsætninger!$B$4)*(1+Forudsætninger!$B$3),IF(G57/(1-Forudsætninger!$B$4)*(1+Forudsætninger!$B$3)<50,1,IF(G57/(1-Forudsætninger!$B$4)*(1+Forudsætninger!$B$3)<200,5,10))))) -> 280 | K57: =IF(OR(J57="",E57=0),"",J57/E57-1) -> 0.55555556 | L57: =IF(J57="","",(J57/(1+Forudsætninger!$B$3)-G57)/(J57/(1+Forudsætninger!$B$3))) -> 0.45982143 | M57: ULTRA SHARP RED 36X50MM 24STK/KOLLI.
A58: Diverse | B58: Forlængerskaft | C58: 60cm | D58: 765562 | E58: 46 | F58: =E58/(1+Forudsætninger!$B$3) -> 36.8 | G58: 30.8 | H58: =IF(OR(G58="",F58=0),"",(F58-G58)/F58) -> 0.16304348 | I58: =IF(G58="","UKENDT",IF(OR(E58=0,H58<0),"KRITISK",IF(H58<0.2,"HØJ",IF(H58<0.35,"MIDDEL","OK")))) -> HØJ | J58: =IF(G58="","",MAX(E58,CEILING(G58/(1-Forudsætninger!$B$4)*(1+Forudsætninger!$B$3),IF(G58/(1-Forudsætninger!$B$4)*(1+Forudsætninger!$B$3)<50,1,IF(G58/(1-Forudsætninger!$B$4)*(1+Forudsætninger!$B$3)<200,5,10))))) -> 70 | K58: =IF(OR(J58="",E58=0),"",J58/E58-1) -> 0.52173913 | L58: =IF(J58="","",(J58/(1+Forudsætninger!$B$3)-G58)/(J58/(1+Forudsætninger!$B$3))) -> 0.45 | M58: Teleskop 60cm. 6 stk/pk. MK
A59: Sandpapir | B59: Sandpapir D421, 5 m | Slibepapir | C59: Korn 40 | D59: 15420 | E59: 99 | F59: =E59/(1+Forudsætninger!$B$3) -> 79.2 | G59: 66 | H59: =IF(OR(G59="",F59=0),"",(F59-G59)/F59) -> 0.16666667 | I59: =IF(G59="","UKENDT",IF(OR(E59=0,H59<0),"KRITISK",IF(H59<0.2,"HØJ",IF(H59<0.35,"MIDDEL","OK")))) -> HØJ | J59: =IF(G59="","",MAX(E59,CEILING(G59/(1-Forudsætninger!$B$4)*(1+Forudsætninger!$B$3),IF(G59/(1-Forudsætninger!$B$4)*(1+Forudsætninger!$B$3)<50,1,IF(G59/(1-Forudsætninger!$B$4)*(1+Forudsætninger!$B$3)<200,5,10))))) -> 150 | K59: =IF(OR(J59="",E59=0),"",J59/E59-1) -> 0.51515152 | L59: =IF(J59="","",(J59/(1+Forudsætninger!$B$3)-G59)/(J59/(1+Forudsætninger!$B$3))) -> 0.45 | M59: Sandpapir Korn 40. 100mm x 5m rulle. 421
... A187: Pensler | B187: Radiatorpensel | Syntetisk | C187: 50mm | D187: 52-22/50 | E187: 90 | F187: =E187/(1+Forudsætninger!$B$3) -> 72 | G187: 42.9 | H187: =IF(OR(G187="",F187=0),"",(F187-G187)/F187) -> 0.40416667 | I187: =IF(G187="","UKENDT",IF(OR(E187=0,H187<0),"KRITISK",IF(H187<0.2,"HØJ",IF(H187<0.35,"MIDDEL","OK")))) -> OK | J187: =IF(G187="","",MAX(E187,CEILING(G187/(1-Forudsætninger!$B$4)*(1+Forudsætninger!$B$3),IF(G187/(1-Forudsætninger!$B$4)*(1+Forudsætninger!$B$3)<50,1,IF(G187/(1-Forudsætninger!$B$4)*(1+Forudsætninger!$B$3)<200,5,10))))) -> 100 | K187: =IF(OR(J187="",E187=0),"",J187/E187-1) -> 0.11111111 | L187: =IF(J187="","",(J187/(1+Forudsætninger!$B$3)-G187)/(J187/(1+Forudsætninger!$B$3))) -> 0.46375 | M187: Pronelli Radiatorpensel 50mm, Microfiber
A188: Ruller | B188: Blue Tex | Ruller | C188: 12 cm | D188: 973412-10 | E188: 47 | F188: =E188/(1+Forudsætninger!$B$3) -> 37.6 | G188: 22 | H188: =IF(OR(G188="",F188=0),"",(F188-G188)/F188) -> 0.41489362 | I188: =IF(G188="","UKENDT",IF(OR(E188=0,H188<0),"KRITISK",IF(H188<0.2,"HØJ",IF(H188<0.35,"MIDDEL","OK")))) -> OK | J188: =IF(G188="","",MAX(E188,CEILING(G188/(1-Forudsætninger!$B$4)*(1+Forudsætninger!$B$3),IF(G188/(1-Forudsætninger!$B$4)*(1+Forudsætninger!$B$3)<50,1,IF(G188/(1-Forudsætninger!$B$4)*(1+Forudsætninger!$B$3)<200,5,10))))) -> 50 | K188: =IF(OR(J188="",E188=0),"",J188/E188-1) -> 0.063829787 | L188: =IF(J188="","",(J188/(1+Forudsætninger!$B$3)-G188)/(J188/(1+Forudsætninger!$B$3))) -> 0.45 | M188: Microfiber Blue-tex 12cm /Ø30MM / 10 STK. PK. | N188: Leverandørpris 22,00 er muligvis pr. 10-pak (uklart på listen) – tjek.
A189: Ruller | B189: Gamma Twist | Ruller | C189: 25 cm | D189: 52-457/25R | E189: 140 | F189: =E189/(1+Forudsætninger!$B$3) -> 112 | G189: 64.9 | H189: =IF(OR(G189="",F189=0),"",(F189-G189)/F189) -> 0.42053571 | I189: =IF(G189="","UKENDT",IF(OR(E189=0,H189<0),"KRITISK",IF(H189<0.2,"HØJ",IF(H189<0.35,"MIDDEL","OK")))) -> OK | J189: =IF(G189="","",MAX(E189,CEILING(G189/(1-Forudsætninger!$B$4)*(1+Forudsætninger!$B$3),IF(G189/(1-Forudsætninger!$B$4)*(1+Forudsætninger!$B$3)<50,1,IF(G189/(1-Forudsætninger!$B$4)*(1+Forudsætninger!$B$3)<200,5,10))))) -> 150 | K189: =IF(OR(J189="",E189=0),"",J189/E189-1) -> 0.071428571 | L189: =IF(J189="","",(J189/(1+Forudsætninger!$B$3)-G189)/(J189/(1+Forudsætninger!$B$3))) -> 0.45916667 | M189: Gamma Twist rulle/stick. 631077
A190: Pensler | B190: Stickpensel | Gemini | C190: 40mm | D190: 52-293/40F1 | E190: 89 | F190: =E190/(1+Forudsætninger!$B$3) -> 71.2 | G190: 40.48 | H190: =IF(OR(G190="",F190=0),"",(F190-G190)/F190) -> 0.43146067 | I190: =IF(G190="","UKENDT",IF(OR(E190=0,H190<0),"KRITISK",IF(H190<0.2,"HØJ",IF(H190<0.35,"MIDDEL","OK")))) -> OK | J190: =IF(G190="","",MAX(E190,CEILING(G190/(1-Forudsætninger!$B$4)*(1+Forudsætninger!$B$3),IF(G190/(1-Forudsætninger!$B$4)*(1+Forudsætninger!$B$3)<50,1,IF(G190/(1-Forudsætninger!$B$4)*(1+Forudsætninger!$B$3)<200,5,10))))) -> 95 | K190: =IF(OR(J190="",E190=0),"",J190/E190-1) -> 0.06741573 | L190: =IF(J190="","",(J190/(1+Forudsætninger!$B$3)-G190)/(J190/(1+Forudsætninger!$B$3))) -> 0.46736842 | M190: ProNelli Gemini Synt. Stick 40.
A191: Pensler | B191: Stickpensel | Soft | C191: 40mm | D191: 52-314/40F1 | E191: 90 | F191: =E191/(1+Forudsætninger!$B$3) -> 72 | G191: 40.48 | H191: =IF(OR(G191="",F191=0),"",(F191-G191)/F191) -> 0.43777778 | I191: =IF(G191="","UKENDT",IF(OR(E191=0,H191<0),"KRITISK",IF(H191<0.2,"HØJ",IF(H191<0.35,"MIDDEL","OK")))) -> OK | J191: =IF(G191="","",MAX(E191,CEILING(G191/(1-Forudsætninger!$B$4)*(1+Forudsætninger!$B$3),IF(G191/(1-Forudsætninger!$B$4)*(1+Forudsætninger!$B$3)<50,1,IF(G191/(1-Forudsætninger!$B$4)*(1+Forudsætninger!$B$3)<200,5,10))))) -> 95 | K191: =IF(OR(J191="",E191=0),"",J191/E191-1) -> 0.055555556 | L191: =IF(J191="","",(J191/(1+Forudsætninger!$B$3)-G191)/(J191/(1+Forudsætninger!$B$3))) -> 0.46736842 | M191: ProNelli Soft. Synt. Stick 40 mm
A192: Pensler | B192: Stickpensel | Soft | C192: 30mm | D192: 52-314/30F1 | E192: 80 | F192: =E192/(1+Forudsætninger!$B$3) -> 64 | G192: 35.64 | H192: =IF(OR(G192="",F192=0),"",(F192-G192)/F192) -> 0.443125 | I192: =IF(G192="","UKENDT",IF(OR(E192=0,H192<0),"KRITISK",IF(H192<0.2,"HØJ",IF(H192<0.35,"MIDDEL","OK")))) -> OK | J192: =IF(G192="","",MAX(E192,CEILING(G192/(1-Forudsætninger!$B$4)*(1+Forudsætninger!$B$3),IF(G192/(1-Forudsætninger!$B$4)*(1+Forudsætninger!$B$3)<50,1,IF(G192/(1-Forudsætninger!$B$4)*(1+Forudsætninger!$B$3)<200,5,10))))) -> 85 | K192: =IF(OR(J192="",E192=0),"",J192/E192-1) -> 0.0625 | L192: =IF(J192="","",(J192/(1+Forudsætninger!$B$3)-G192)/(J192/(1+Forudsætninger!$B$3))) -> 0.47588235 | M192: ProNelli Soft. Synt. Stick 30 mm
A193: Pensler | B193: Stickpensel | Gemini | C193: 30mm | D193: 52-293/30F1 | E193: 80 | F193: =E193/(1+Forudsætninger!$B$3) -> 64 | G193: 35.64 | H193: =IF(OR(G193="",F193=0),"",(F193-G193)/F193) -> 0.443125 | I193: =IF(G193="","UKENDT",IF(OR(E193=0,H193<0),"KRITISK",IF(H193<0.2,"HØJ",IF(H193<0.35,"MIDDEL","OK")))) -> OK | J193: =IF(G193="","",MAX(E193,CEILING(G193/(1-Forudsætninger!$B$4)*(1+Forudsætninger!$B$3),IF(G193/(1-Forudsætninger!$B$4)*(1+Forudsætninger!$B$3)<50,1,IF(G193/(1-Forudsætninger!$B$4)*(1+Forudsætninger!$B$3)<200,5,10))))) -> 85 | K193: =IF(OR(J193="",E193=0),"",J193/E193-1) -> 0.0625 | L193: =IF(J193="","",(J193/(1+Forudsætninger!$B$3)-G193)/(J193/(1+Forudsætninger!$B$3))) -> 0.47588235 | M193: ProNelli Gemini Synt. Stick 30mm.
A194: Tape | B194: Gaffatape Premium | Tape | C194: 48 mm | D194: PC 667 | E194: 300 | F194: =E194/(1+Forudsætninger!$B$3) -> 240 | G194: 132.66 | H194: =IF(OR(G194="",F194=0),"",(F194-G194)/F194) -> 0.44725 | I194: =IF(G194="","UKENDT",IF(OR(E194=0,H194<0),"KRITISK",IF(H194<0.2,"HØJ",IF(H194<0.35,"MIDDEL","OK")))) -> OK | J194: =IF(G194="","",MAX(E194,CEILING(G194/(1-Forudsætninger!$B$4)*(1+Forudsætninger!$B$3),IF(G194/(1-Forudsætninger!$B$4)*(1+Forudsætninger!$B$3)<50,1,IF(G194/(1-Forudsætninger!$B$4)*(1+Forudsætninger!$B$3)<200,5,10))))) -> 310 | K194: =IF(OR(J194="",E194=0),"",J194/E194-1) -> 0.033333333 | L194: =IF(J194="","",(J194/(1+Forudsætninger!$B$3)-G194)/(J194/(1+Forudsætninger!$B$3))) -> 0.46508065 | M194: Premium Gafa Tape
A195: Sandpapir | B195: Rondel til D126 girafsliber | C195: Korn 40 | D195: 88217 | E195: 20 | F195: =E195/(1+Forudsætninger!$B$3) -> 16 | G195: 8.8 | H195: =IF(OR(G195="",F195=0),"",(F195-G195)/F195) -> 0.45 | I195: =IF(G195="","UKENDT",IF(OR(E195=0,H195<0),"KRITISK",IF(H195<0.2,"HØJ",IF(H195<0.35,"MIDDEL","OK")))) -> OK | J195: =IF(G195="","",MAX(E195,CEILING(G195/(1-Forudsætninger!$B$4)*(1+Forudsætninger!$B$3),IF(G195/(1-Forudsætninger!$B$4)*(1+Forudsætninger!$B$3)<50,1,IF(G195/(1-Forudsætninger!$B$4)*(1+Forudsætninger!$B$3)<200,5,10))))) -> 20 | K195: =IF(OR(J195="",E195=0),"",J195/E195-1) -> 0 | L195: =IF(J195="","",(J195/(1+Forudsætninger!$B$3)-G195)/(J195/(1+Forudsætninger!$B$3))) -> 0.45 | M195: Ø225mm. Filt U/hul (flex) K40 D126. | N195: Hævet 2. sep 2026 fra 7 kr.
A196: Sandpapir | B196: Rondel til D126 girafsliber | C196: Korn 60 | D196: 88219 | E196: 20 | F196: =E196/(1+Forudsætninger!$B$3) -> 16 | G196: 8.8 | H196: =IF(OR(G196="",F196=0),"",(F196-G196)/F196) -> 0.45 | I196: =IF(G196="","UKENDT",IF(OR(E196=0,H196<0),"KRITISK",IF(H196<0.2,"HØJ",IF(H196<0.35,"MIDDEL","OK")))) -> OK | J196: =IF(G196="","",MAX(E196,CEILING(G196/(1-Forudsætninger!$B$4)*(1+Forudsætninger!$B$3),IF(G196/(1-Forudsætninger!$B$4)*(1+Forudsætninger!$B$3)<50,1,IF(G196/(1-Forudsætninger!$B$4)*(1+Forudsætninger!$B$3)<200,5,10))))) -> 20 | K196: =IF(OR(J196="",E196=0),"",J196/E196-1) -> 0 | L196: =IF(J196="","",(J196/(1+Forudsætninger!$B$3)-G196)/(J196/(1+Forudsætninger!$B$3))) -> 0.45 | M196: Ø225mm. Filt U/hul (flex) K60 D126. | N196: Hævet 2. sep 2026 fra 7 kr.
A197: Sandpapir | B197: Rondel til D126 girafsliber | C197: Korn 80 | D197: 88220 | E197: 20 | F197: =E197/(1+Forudsætninger!$B$3) -> 16 | G197: 8.8 | H197: =IF(OR(G197="",F197=0),"",(F197-G197)/F197) -> 0.45 | I197: =IF(G197="","UKENDT",IF(OR(E197=0,H197<0),"KRITISK",IF(H197<0.2,"HØJ",IF(H197<0.35,"MIDDEL","OK")))) -> OK | J197: =IF(G197="","",MAX(E197,CEILING(G197/(1-Forudsætninger!$B$4)*(1+Forudsætninger!$B$3),IF(G197/(1-Forudsætninger!$B$4)*(1+Forudsætninger!$B$3)<50,1,IF(G197/(1-Forudsætninger!$B$4)*(1+Forudsætninger!$B$3)<200,5,10))))) -> 20 | K197: =IF(OR(J197="",E197=0),"",J197/E197-1) -> 0 | L197: =IF(J197="","",(J197/(1+Forudsætninger!$B$3)-G197)/(J197/(1+Forudsætninger!$B$3))) -> 0.45 | M197: Ø225mm. Filt U/hul (flex) K80 D126. | N197: Hævet 2. sep 2026 fra 7 kr.
A198: Sandpapir | B198: Rondel til D126 girafsliber | C198: Korn 100 | D198: 88221 | E198: 20 | F198: =E198/(1+Forudsætninger!$B$3) -> 16 | G198: 8.8 | H198: =IF(OR(G198="",F198=0),"",(F198-G198)/F198) -> 0.45 | I198: =IF(G198="","UKENDT",IF(OR(E198=0,H198<0),"KRITISK",IF(H198<0.2,"HØJ",IF(H198<0.35,"MIDDEL","OK")))) -> OK | J198: =IF(G198="","",MAX(E198,CEILING(G198/(1-Forudsætninger!$B$4)*(1+Forudsætninger!$B$3),IF(G198/(1-Forudsætninger!$B$4)*(1+Forudsætninger!$B$3)<50,1,IF(G198/(1-Forudsætninger!$B$4)*(1+Forudsætninger!$B$3)<200,5,10))))) -> 20 | K198: =IF(OR(J198="",E198=0),"",J198/E198-1) -> 0 | L198: =IF(J198="","",(J198/(1+Forudsætninger!$B$3)-G198)/(J198/(1+Forudsætninger!$B$3))) -> 0.45 | M198: Ø225mm. Filt U/hul (flex) K100 D126. | N198: Hævet 2. sep 2026 fra 7 kr.
A199: Sandpapir | B199: Rondel til D126 girafsliber | C199: Korn 120 | D199: 88222 | E199: 20 | F199: =E199/(1+Forudsætninger!$B$3) -> 16 | G199: 8.8 | H199: =IF(OR(G199="",F199=0),"",(F199-G199)/F199) -> 0.45 | I199: =IF(G199="","UKENDT",IF(OR(E199=0,H199<0),"KRITISK",IF(H199<0.2,"HØJ",IF(H199<0.35,"MIDDEL","OK")))) -> OK | J199: =IF(G199="","",MAX(E199,CEILING(G199/(1-Forudsætninger!$B$4)*(1+Forudsætninger!$B$3),IF(G199/(1-Forudsætninger!$B$4)*(1+Forudsætninger!$B$3)<50,1,IF(G199/(1-Forudsætninger!$B$4)*(1+Forudsætninger!$B$3)<200,5,10))))) -> 20 | K199: =IF(OR(J199="",E199=0),"",J199/E199-1) -> 0 | L199: =IF(J199="","",(J199/(1+Forudsætninger!$B$3)-G199)/(J199/(1+Forudsætninger!$B$3))) -> 0.45 | M199: Ø225mm. Filt U/hul (flex) K120 D126. | N199: Hævet 2. sep 2026 fra 7 kr.
A200: Sandpapir | B200: Rondel til D126 girafsliber | C200: Korn 180 | D200: 88223 | E200: 20 | F200: =E200/(1+Forudsætninger!$B$3) -> 16 | G200: 8.8 | H200: =IF(OR(G200="",F200=0),"",(F200-G200)/F200) -> 0.45 | I200: =IF(G200="","UKENDT",IF(OR(E200=0,H200<0),"KRITISK",IF(H200<0.2,"HØJ",IF(H200<0.35,"MIDDEL","OK")))) -> OK | J200: =IF(G200="","",MAX(E200,CEILING(G200/(1-Forudsætninger!$B$4)*(1+Forudsætninger!$B$3),IF(G200/(1-Forudsætninger!$B$4)*(1+Forudsætninger!$B$3)<50,1,IF(G200/(1-Forudsætninger!$B$4)*(1+Forudsætninger!$B$3)<200,5,10))))) -> 20 | K200: =IF(OR(J200="",E200=0),"",J200/E200-1) -> 0 | L200: =IF(J200="","",(J200/(1+Forudsætninger!$B$3)-G200)/(J200/(1+Forudsætninger!$B$3))) -> 0.45 | M200: Ø225 Filt U/hul K180 D126 | N200: Hævet 2. sep 2026 fra 7 kr.
A201: Sandpapir | B201: Rondel D421 til girafsliber | C201: Korn 60 | D201: 34529 | E201: 20 | F201: =E201/(1+Forudsætninger!$B$3) -> 16 | G201: 8.8 | H201: =IF(OR(G201="",F201=0),"",(F201-G201)/F201) -> 0.45 | I201: =IF(G201="","UKENDT",IF(OR(E201=0,H201<0),"KRITISK",IF(H201<0.2,"HØJ",IF(H201<0.35,"MIDDEL","OK")))) -> OK | J201: =IF(G201="","",MAX(E201,CEILING(G201/(1-Forudsætninger!$B$4)*(1+Forudsætninger!$B$3),IF(G201/(1-Forudsætninger!$B$4)*(1+Forudsætninger!$B$3)<50,1,IF(G201/(1-Forudsætninger!$B$4)*(1+Forudsætninger!$B$3)<200,5,10))))) -> 20 | K201: =IF(OR(J201="",E201=0),"",J201/E201-1) -> 0 | L201: =IF(J201="","",(J201/(1+Forudsætninger!$B$3)-G201)/(J201/(1+Forudsætninger!$B$3))) -> 0.45 | M201: Ø225mm QG U/hul (flex) K60 D421. | N201: Hævet 2. sep 2026 fra 7 kr.
A202: Sandpapir | B202: Rondel D421 til girafsliber | C202: Korn 80 | D202: 34530 | E202: 20 | F202: =E202/(1+Forudsætninger!$B$3) -> 16 | G202: 8.8 | H202: =IF(OR(G202="",F202=0),"",(F202-G202)/F202) -> 0.45 | I202: =IF(G202="","UKENDT",IF(OR(E202=0,H202<0),"KRITISK",IF(H202<0.2,"HØJ",IF(H202<0.35,"MIDDEL","OK")))) -> OK | J202: =IF(G202="","",MAX(E202,CEILING(G202/(1-Forudsætninger!$B$4)*(1+Forudsætninger!$B$3),IF(G202/(1-Forudsætninger!$B$4)*(1+Forudsætninger!$B$3)<50,1,IF(G202/(1-Forudsætninger!$B$4)*(1+Forudsætninger!$B$3)<200,5,10))))) -> 20 | K202: =IF(OR(J202="",E202=0),"",J202/E202-1) -> 0 | L202: =IF(J202="","",(J202/(1+Forudsætninger!$B$3)-G202)/(J202/(1+Forudsætninger!$B$3))) -> 0.45 | M202: Ø225mm QG U/hul (flex) K80 D421. | N202: Hævet 2. sep 2026 fra 7 kr.
A203: Sandpapir | B203: Rondel D421 til girafsliber | C203: Korn 100 | D203: 34531 | E203: 20 | F203: =E203/(1+Forudsætninger!$B$3) -> 16 | G203: 8.8 | H203: =IF(OR(G203="",F203=0),"",(F203-G203)/F203) -> 0.45 | I203: =IF(G203="","UKENDT",IF(OR(E203=0,H203<0),"KRITISK",IF(H203<0.2,"HØJ",IF(H203<0.35,"MIDDEL","OK")))) -> OK | J203: =IF(G203="","",MAX(E203,CEILING(G203/(1-Forudsætninger!$B$4)*(1+Forudsætninger!$B$3),IF(G203/(1-Forudsætninger!$B$4)*(1+Forudsætninger!$B$3)<50,1,IF(G203/(1-Forudsætninger!$B$4)*(1+Forudsætninger!$B$3)<200,5,10))))) -> 20 | K203: =IF(OR(J203="",E203=0),"",J203/E203-1) -> 0 | L203: =IF(J203="","",(J203/(1+Forudsætninger!$B$3)-G203)/(J203/(1+Forudsætninger!$B$3))) -> 0.45 | M203: Ø225mm QG U/hul (flex) K100 D421. | N203: Hævet 2. sep 2026 fra 7 kr.
A204: Sandpapir | B204: Rondel D421 til girafsliber | C204: Korn 120 | D204: 34532 | E204: 20 | F204: =E204/(1+Forudsætninger!$B$3) -> 16 | G204: 8.8 | H204: =IF(OR(G204="",F204=0),"",(F204-G204)/F204) -> 0.45 | I204: =IF(G204="","UKENDT",IF(OR(E204=0,H204<0),"KRITISK",IF(H204<0.2,"HØJ",IF(H204<0.35,"MIDDEL","OK")))) -> OK | J204: =IF(G204="","",MAX(E204,CEILING(G204/(1-Forudsætninger!$B$4)*(1+Forudsætninger!$B$3),IF(G204/(1-Forudsætninger!$B$4)*(1+Forudsætninger!$B$3)<50,1,IF(G204/(1-Forudsætninger!$B$4)*(1+Forudsætninger!$B$3)<200,5,10))))) -> 20 | K204: =IF(OR(J204="",E204=0),"",J204/E204-1) -> 0 | L204: =IF(J204="","",(J204/(1+Forudsætninger!$B$3)-G204)/(J204/(1+Forudsætninger!$B$3))) -> 0.45 | M204: Ø225mm QG U/hul (flex) K120 D421. | N204: Hævet 2. sep 2026 fra 7 kr.
A205: Sandpapir | B205: Rondel D421 til girafsliber | C205: Korn 150 | D205: 34533 | E205: 20 | F205: =E205/(1+Forudsætninger!$B$3) -> 16 | G205: 8.8 | H205: =IF(OR(G205="",F205=0),"",(F205-G205)/F205) -> 0.45 | I205: =IF(G205="","UKENDT",IF(OR(E205=0,H205<0),"KRITISK",IF(H205<0.2,"HØJ",IF(H205<0.35,"MIDDEL","OK")))) -> OK | J205: =IF(G205="","",MAX(E205,CEILING(G205/(1-Forudsætninger!$B$4)*(1+Forudsætninger!$B$3),IF(G205/(1-Forudsætninger!$B$4)*(1+Forudsætninger!$B$3)<50,1,IF(G205/(1-Forudsætninger!$B$4)*(1+Forudsætninger!$B$3)<200,5,10))))) -> 20 | K205: =IF(OR(J205="",E205=0),"",J205/E205-1) -> 0 | L205: =IF(J205="","",(J205/(1+Forudsætninger!$B$3)-G205)/(J205/(1+Forudsætninger!$B$3))) -> 0.45 | M205: Ø225mm QG U/hul (flex) K150 D421. | N205: Hævet 2. sep 2026 fra 7 kr.
A206: Sandpapir | B206: Rondel D421 til girafsliber | C206: Korn 180 | D206: 34534 | E206: 20 | F206: =E206/(1+Forudsætninger!$B$3) -> 16 | G206: 8.8 | H206: =IF(OR(G206="",F206=0),"",(F206-G206)/F206) -> 0.45 | I206: =IF(G206="","UKENDT",IF(OR(E206=0,H206<0),"KRITISK",IF(H206<0.2,"HØJ",IF(H206<0.35,"MIDDEL","OK")))) -> OK | J206: =IF(G206="","",MAX(E206,CEILING(G206/(1-Forudsætninger!$B$4)*(1+Forudsætninger!$B$3),IF(G206/(1-Forudsætninger!$B$4)*(1+Forudsætninger!$B$3)<50,1,IF(G206/(1-Forudsætninger!$B$4)*(1+Forudsætninger!$B$3)<200,5,10))))) -> 20 | K206: =IF(OR(J206="",E206=0),"",J206/E206-1) -> 0 | L206: =IF(J206="","",(J206/(1+Forudsætninger!$B$3)-G206)/(J206/(1+Forudsætninger!$B$3))) -> 0.45 | M206: Ø225mm QG U/hul (flex) K180 D421. | N206: Hævet 2. sep 2026 fra 7 kr.
... A240: Tape | B240: Multi-Tape | Tape | C240: 24 mm | D240: 367-01 | E240: 450 | F240: =E240/(1+Forudsætninger!$B$3) -> 360 | G240: 196.9 | H240: =IF(OR(G240="",F240=0),"",(F240-G240)/F240) -> 0.45305556 | I240: =IF(G240="","UKENDT",IF(OR(E240=0,H240<0),"KRITISK",IF(H240<0.2,"HØJ",IF(H240<0.35,"MIDDEL","OK")))) -> OK | J240: =IF(G240="","",MAX(E240,CEILING(G240/(1-Forudsætninger!$B$4)*(1+Forudsætninger!$B$3),IF(G240/(1-Forudsætninger!$B$4)*(1+Forudsætninger!$B$3)<50,1,IF(G240/(1-Forudsætninger!$B$4)*(1+Forudsætninger!$B$3)<200,5,10))))) -> 450 | K240: =IF(OR(J240="",E240=0),"",J240/E240-1) -> 0 | L240: =IF(J240="","",(J240/(1+Forudsætninger!$B$3)-G240)/(J240/(1+Forudsætninger!$B$3))) -> 0.45305556 | M240: Multi-Tape 36/24mm | N240: Hævet 2. sep 2026 fra 210 kr.
A241: Pensler | B241: Facadepensel | Gemini | C241: 100mm | D241: 52-428/10020F1 | E241: 275 | F241: =E241/(1+Forudsætninger!$B$3) -> 220 | G241: 120.252 | H241: =IF(OR(G241="",F241=0),"",(F241-G241)/F241) -> 0.4534 | I241: =IF(G241="","UKENDT",IF(OR(E241=0,H241<0),"KRITISK",IF(H241<0.2,"HØJ",IF(H241<0.35,"MIDDEL","OK")))) -> OK | J241: =IF(G241="","",MAX(E241,CEILING(G241/(1-Forudsætninger!$B$4)*(1+Forudsætninger!$B$3),IF(G241/(1-Forudsætninger!$B$4)*(1+Forudsætninger!$B$3)<50,1,IF(G241/(1-Forudsætninger!$B$4)*(1+Forudsætninger!$B$3)<200,5,10))))) -> 280 | K241: =IF(OR(J241="",E241=0),"",J241/E241-1) -> 0.018181818 | L241: =IF(J241="","",(J241/(1+Forudsætninger!$B$3)-G241)/(J241/(1+Forudsætninger!$B$3))) -> 0.46316071 | M241: Pronelli Gemini Synt. Facadepensel 100x20mm.
A242: Rullehåndtag | B242: Håndtag blå | C242: 10cm-L | D242: 1032-366 | E242: 29 | F242: =E242/(1+Forudsætninger!$B$3) -> 23.2 | G242: 12.65 | H242: =IF(OR(G242="",F242=0),"",(F242-G242)/F242) -> 0.45474138 | I242: =IF(G242="","UKENDT",IF(OR(E242=0,H242<0),"KRITISK",IF(H242<0.2,"HØJ",IF(H242<0.35,"MIDDEL","OK")))) -> OK | J242: =IF(G242="","",MAX(E242,CEILING(G242/(1-Forudsætninger!$B$4)*(1+Forudsætninger!$B$3),IF(G242/(1-Forudsætninger!$B$4)*(1+Forudsætninger!$B$3)<50,1,IF(G242/(1-Forudsætninger!$B$4)*(1+Forudsætninger!$B$3)<200,5,10))))) -> 29 | K242: =IF(OR(J242="",E242=0),"",J242/E242-1) -> 0 | L242: =IF(J242="","",(J242/(1+Forudsætninger!$B$3)-G242)/(J242/(1+Forudsætninger!$B$3))) -> 0.45474138 | M242: Blå Håndtag 10cm. 41 cm lang . Alm. Plast.
A243: Ruller | B243: Strukturrulle | Ruller | C243: 25 cm | D243: 50682500 | E243: 250 | F243: =E243/(1+Forudsætninger!$B$3) -> 200 | G243: 108.9 | H243: =IF(OR(G243="",F243=0),"",(F243-G243)/F243) -> 0.4555 | I243: =IF(G243="","UKENDT",IF(OR(E243=0,H243<0),"KRITISK",IF(H243<0.2,"HØJ",IF(H243<0.35,"MIDDEL","OK")))) -> OK | J243: =IF(G243="","",MAX(E243,CEILING(G243/(1-Forudsætninger!$B$4)*(1+Forudsætninger!$B$3),IF(G243/(1-Forudsætninger!$B$4)*(1+Forudsætninger!$B$3)<50,1,IF(G243/(1-Forudsætninger!$B$4)*(1+Forudsætninger!$B$3)<200,5,10))))) -> 250 | K243: =IF(OR(J243="",E243=0),"",J243/E243-1) -> 0 | L243: =IF(J243="","",(J243/(1+Forudsætninger!$B$3)-G243)/(J243/(1+Forudsætninger!$B$3))) -> 0.4555 | M243: Strukturrulle. 25 cm - 613792 | N243: Hævet 2. sep 2026 fra 112 kr.
A244: Diverse | B244: Fladpensel | C244: 30 mm | D244: 52-FACILE/30 | E244: 35 | F244: =E244/(1+Forudsætninger!$B$3) -> 28 | G244: 15.246 | H244: =IF(OR(G244="",F244=0),"",(F244-G244)/F244) -> 0.4555 | I244: =IF(G244="","UKENDT",IF(OR(E244=0,H244<0),"KRITISK",IF(H244<0.2,"HØJ",IF(H244<0.35,"MIDDEL","OK")))) -> OK | J244: =IF(G244="","",MAX(E244,CEILING(G244/(1-Forudsætninger!$B$4)*(1+Forudsætninger!$B$3),IF(G244/(1-Forudsætninger!$B$4)*(1+Forudsætninger!$B$3)<50,1,IF(G244/(1-Forudsætninger!$B$4)*(1+Forudsætninger!$B$3)<200,5,10))))) -> 35 | K244: =IF(OR(J244="",E244=0),"",J244/E244-1) -> 0 | L244: =IF(J244="","",(J244/(1+Forudsætninger!$B$3)-G244)/(J244/(1+Forudsætninger!$B$3))) -> 0.4555 | M244: Pronelli. Fladpensel 30mm Mix/plastskaft. | N244: Hævet 2. sep 2026 fra 19 kr.
A245: Pensler | B245: Jumbopensel, kort skaft | Mix | C245: 70mm | D245: 256571 | E245: 149 | F245: =E245/(1+Forudsætninger!$B$3) -> 119.2 | G245: 64.9 | H245: =IF(OR(G245="",F245=0),"",(F245-G245)/F245) -> 0.45553691 | I245: =IF(G245="","UKENDT",IF(OR(E245=0,H245<0),"KRITISK",IF(H245<0.2,"HØJ",IF(H245<0.35,"MIDDEL","OK")))) -> OK | J245: =IF(G245="","",MAX(E245,CEILING(G245/(1-Forudsætninger!$B$4)*(1+Forudsætninger!$B$3),IF(G245/(1-Forudsætninger!$B$4)*(1+Forudsætninger!$B$3)<50,1,IF(G245/(1-Forudsætninger!$B$4)*(1+Forudsætninger!$B$3)<200,5,10))))) -> 150 | K245: =IF(OR(J245="",E245=0),"",J245/E245-1) -> 0.0067114094 | L245: =IF(J245="","",(J245/(1+Forudsætninger!$B$3)-G245)/(J245/(1+Forudsætninger!$B$3))) -> 0.45916667 | M245: Jumbo vinkelpensel 70mm. Kort skaft.
A246: Diverse | B246: Cykellakpensel | C246: 25 mm | D246: 440003 | E246: 24 | F246: =E246/(1+Forudsætninger!$B$3) -> 19.2 | G246: 10.45 | H246: =IF(OR(G246="",F246=0),"",(F246-G246)/F246) -> 0.45572917 | I246: =IF(G246="","UKENDT",IF(OR(E246=0,H246<0),"KRITISK",IF(H246<0.2,"HØJ",IF(H246<0.35,"MIDDEL","OK")))) -> OK | J246: =IF(G246="","",MAX(E246,CEILING(G246/(1-Forudsætninger!$B$4)*(1+Forudsætninger!$B$3),IF(G246/(1-Forudsætninger!$B$4)*(1+Forudsætninger!$B$3)<50,1,IF(G246/(1-Forudsætninger!$B$4)*(1+Forudsætninger!$B$3)<200,5,10))))) -> 24 | K246: =IF(OR(J246="",E246=0),"",J246/E246-1) -> 0 | L246: =IF(J246="","",(J246/(1+Forudsætninger!$B$3)-G246)/(J246/(1+Forudsætninger!$B$3))) -> 0.45572917 | M246: Cykellak pensel Lyse børster no 3
A247: Tilbehør | B247: Støvkost | Natur | C247: 20x115 mm | D247: 52-810 | E247: 230 | F247: =E247/(1+Forudsætninger!$B$3) -> 184 | G247: 100.1 | H247: =IF(OR(G247="",F247=0),"",(F247-G247)/F247) -> 0.45597826 | I247: =IF(G247="","UKENDT",IF(OR(E247=0,H247<0),"KRITISK",IF(H247<0.2,"HØJ",IF(H247<0.35,"MIDDEL","OK")))) -> OK | J247: =IF(G247="","",MAX(E247,CEILING(G247/(1-Forudsætninger!$B$4)*(1+Forudsætninger!$B$3),IF(G247/(1-Forudsætninger!$B$4)*(1+Forudsætninger!$B$3)<50,1,IF(G247/(1-Forudsætninger!$B$4)*(1+Forudsætninger!$B$3)<200,5,10))))) -> 230 | K247: =IF(OR(J247="",E247=0),"",J247/E247-1) -> 0 | L247: =IF(J247="","",(J247/(1+Forudsætninger!$B$3)-G247)/(J247/(1+Forudsætninger!$B$3))) -> 0.45597826 | M247: Gamma Lomme støvkost 2x15. | N247: Hævet 2. sep 2026 fra 103 kr.
A248: Tilbehør | B248: Tapetbørste kunstbørste | C248: 300x26 mm | D248: 803332SB | E248: 200 | F248: =E248/(1+Forudsætninger!$B$3) -> 160 | G248: 86.9 | H248: =IF(OR(G248="",F248=0),"",(F248-G248)/F248) -> 0.456875 | I248: =IF(G248="","UKENDT",IF(OR(E248=0,H248<0),"KRITISK",IF(H248<0.2,"HØJ",IF(H248<0.35,"MIDDEL","OK")))) -> OK | J248: =IF(G248="","",MAX(E248,CEILING(G248/(1-Forudsætninger!$B$4)*(1+Forudsætninger!$B$3),IF(G248/(1-Forudsætninger!$B$4)*(1+Forudsætninger!$B$3)<50,1,IF(G248/(1-Forudsætninger!$B$4)*(1+Forudsætninger!$B$3)<200,5,10))))) -> 200 | K248: =IF(OR(J248="",E248=0),"",J248/E248-1) -> 0 | L248: =IF(J248="","",(J248/(1+Forudsætninger!$B$3)-G248)/(J248/(1+Forudsætninger!$B$3))) -> 0.456875 | M248: Tapetbørste Kunstbørste. 300x26mm | N248: Hævet 2. sep 2026 fra 94 kr.
A249: Pensler | B249: Facadepensel | Mix | C249: 70mm | D249: 52-212/37 | E249: 140 | F249: =E249/(1+Forudsætninger!$B$3) -> 112 | G249: 60.764 | H249: =IF(OR(G249="",F249=0),"",(F249-G249)/F249) -> 0.45746429 | I249: =IF(G249="","UKENDT",IF(OR(E249=0,H249<0),"KRITISK",IF(H249<0.2,"HØJ",IF(H249<0.35,"MIDDEL","OK")))) -> OK | J249: =IF(G249="","",MAX(E249,CEILING(G249/(1-Forudsætninger!$B$4)*(1+Forudsætninger!$B$3),IF(G249/(1-Forudsætninger!$B$4)*(1+Forudsætninger!$B$3)<50,1,IF(G249/(1-Forudsætninger!$B$4)*(1+Forudsætninger!$B$3)<200,5,10))))) -> 140 | K249: =IF(OR(J249="",E249=0),"",J249/E249-1) -> 0 | L249: =IF(J249="","",(J249/(1+Forudsætninger!$B$3)-G249)/(J249/(1+Forudsætninger!$B$3))) -> 0.45746429 | M249: Gamma Anstryge mix børster 3x7. | N249: Hævet 2. sep 2026 fra 61 kr.
A250: Ruller | B250: Grey Star | Ruller | C250: 25 cm | D250: 703427 | E250: 140 | F250: =E250/(1+Forudsætninger!$B$3) -> 112 | G250: 60.5 | H250: =IF(OR(G250="",F250=0),"",(F250-G250)/F250) -> 0.45982143 | I250: =IF(G250="","UKENDT",IF(OR(E250=0,H250<0),"KRITISK",IF(H250<0.2,"HØJ",IF(H250<0.35,"MIDDEL","OK")))) -> OK | J250: =IF(G250="","",MAX(E250,CEILING(G250/(1-Forudsætninger!$B$4)*(1+Forudsætninger!$B$3),IF(G250/(1-Forudsætninger!$B$4)*(1+Forudsætninger!$B$3)<50,1,IF(G250/(1-Forudsætninger!$B$4)*(1+Forudsætninger!$B$3)<200,5,10))))) -> 140 | K250: =IF(OR(J250="",E250=0),"",J250/E250-1) -> 0 | L250: =IF(J250="","",(J250/(1+Forudsætninger!$B$3)-G250)/(J250/(1+Forudsætninger!$B$3))) -> 0.45982143 | M250: Grey Star. Vestan 25cm. MK | N250: Hævet 2. sep 2026 fra 60 kr.
A251: Ruller | B251: Green Star | Ruller | C251: 25 cm | D251: 701750 | E251: 140 | F251: =E251/(1+Forudsætninger!$B$3) -> 112 | G251: 60.5 | H251: =IF(OR(G251="",F251=0),"",(F251-G251)/F251) -> 0.45982143 | I251: =IF(G251="","UKENDT",IF(OR(E251=0,H251<0),"KRITISK",IF(H251<0.2,"HØJ",IF(H251<0.35,"MIDDEL","OK")))) -> OK | J251: =IF(G251="","",MAX(E251,CEILING(G251/(1-Forudsætninger!$B$4)*(1+Forudsætninger!$B$3),IF(G251/(1-Forudsætninger!$B$4)*(1+Forudsætninger!$B$3)<50,1,IF(G251/(1-Forudsætninger!$B$4)*(1+Forudsætninger!$B$3)<200,5,10))))) -> 140 | K251: =IF(OR(J251="",E251=0),"",J251/E251-1) -> 0 | L251: =IF(J251="","",(J251/(1+Forudsætninger!$B$3)-G251)/(J251/(1+Forudsætninger!$B$3))) -> 0.45982143 | M251: Green Star. Vestan MK 25 cm. | N251: Hævet 2. sep 2026 fra 60 kr.
A252: Pensler | B252: Fladpensel | Mix | C252: 70mm | D252: 52-44/70 | E252: 120 | F252: =E252/(1+Forudsætninger!$B$3) -> 96 | G252: 51.7 | H252: =IF(OR(G252="",F252=0),"",(F252-G252)/F252) -> 0.46145833 | I252: =IF(G252="","UKENDT",IF(OR(E252=0,H252<0),"KRITISK",IF(H252<0.2,"HØJ",IF(H252<0.35,"MIDDEL","OK")))) -> OK | J252: =IF(G252="","",MAX(E252,CEILING(G252/(1-Forudsætninger!$B$4)*(1+Forudsætninger!$B$3),IF(G252/(1-Forudsætninger!$B$4)*(1+Forudsætninger!$B$3)<50,1,IF(G252/(1-Forudsætninger!$B$4)*(1+Forudsætninger!$B$3)<200,5,10))))) -> 120 | K252: =IF(OR(J252="",E252=0),"",J252/E252-1) -> 0 | L252: =IF(J252="","",(J252/(1+Forudsætninger!$B$3)-G252)/(J252/(1+Forudsætninger!$B$3))) -> 0.46145833 | M252: Gamma Pura Setola Flad 70. Natur. 44/70
A253: Sandpapir | B253: Rondel D126 til girafsliber | C253: Korn 40 | D253: 86438 | E253: 23 | F253: =E253/(1+Forudsætninger!$B$3) -> 18.4 | G253: 9.9 | H253: =IF(OR(G253="",F253=0),"",(F253-G253)/F253) -> 0.46195652 | I253: =IF(G253="","UKENDT",IF(OR(E253=0,H253<0),"KRITISK",IF(H253<0.2,"HØJ",IF(H253<0.35,"MIDDEL","OK")))) -> OK | J253: =IF(G253="","",MAX(E253,CEILING(G253/(1-Forudsætninger!$B$4)*(1+Forudsætninger!$B$3),IF(G253/(1-Forudsætninger!$B$4)*(1+Forudsætninger!$B$3)<50,1,IF(G253/(1-Forudsætninger!$B$4)*(1+Forudsætninger!$B$3)<200,5,10))))) -> 23 | K253: =IF(OR(J253="",E253=0),"",J253/E253-1) -> 0 | L253: =IF(J253="","",(J253/(1+Forudsætninger!$B$3)-G253)/(J253/(1+Forudsætninger!$B$3))) -> 0.46195652 | M253: Ø225mm. Filt 10H (flex) K40. D126. | N253: Hævet 2. sep 2026 fra 8 kr.
A254: Sandpapir | B254: Rondel D126 til girafsliber | C254: Korn 60 | D254: 86442 | E254: 23 | F254: =E254/(1+Forudsætninger!$B$3) -> 18.4 | G254: 9.9 | H254: =IF(OR(G254="",F254=0),"",(F254-G254)/F254) -> 0.46195652 | I254: =IF(G254="","UKENDT",IF(OR(E254=0,H254<0),"KRITISK",IF(H254<0.2,"HØJ",IF(H254<0.35,"MIDDEL","OK")))) -> OK | J254: =IF(G254="","",MAX(E254,CEILING(G254/(1-Forudsætninger!$B$4)*(1+Forudsætninger!$B$3),IF(G254/(1-Forudsætninger!$B$4)*(1+Forudsætninger!$B$3)<50,1,IF(G254/(1-Forudsætninger!$B$4)*(1+Forudsætninger!$B$3)<200,5,10))))) -> 23 | K254: =IF(OR(J254="",E254=0),"",J254/E254-1) -> 0 | L254: =IF(J254="","",(J254/(1+Forudsætninger!$B$3)-G254)/(J254/(1+Forudsætninger!$B$3))) -> 0.46195652 | M254: Ø225mm. Filt 10H (flex) K60. D126. | N254: Hævet 2. sep 2026 fra 8 kr.
A255: Sandpapir | B255: Rondel D126 til girafsliber | C255: Korn 80 | D255: 86440 | E255: 23 | F255: =E255/(1+Forudsætninger!$B$3) -> 18.4 | G255: 9.9 | H255: =IF(OR(G255="",F255=0),"",(F255-G255)/F255) -> 0.46195652 | I255: =IF(G255="","UKENDT",IF(OR(E255=0,H255<0),"KRITISK",IF(H255<0.2,"HØJ",IF(H255<0.35,"MIDDEL","OK")))) -> OK | J255: =IF(G255="","",MAX(E255,CEILING(G255/(1-Forudsætninger!$B$4)*(1+Forudsætninger!$B$3),IF(G255/(1-Forudsætninger!$B$4)*(1+Forudsætninger!$B$3)<50,1,IF(G255/(1-Forudsætninger!$B$4)*(1+Forudsætninger!$B$3)<200,5,10))))) -> 23 | K255: =IF(OR(J255="",E255=0),"",J255/E255-1) -> 0 | L255: =IF(J255="","",(J255/(1+Forudsætninger!$B$3)-G255)/(J255/(1+Forudsætninger!$B$3))) -> 0.46195652 | M255: Ø225mm. Filt 10H (flex) K80 D126. | N255: Hævet 2. sep 2026 fra 8 kr.
A256: Sandpapir | B256: Rondel D126 til girafsliber | C256: Korn 100 | D256: 86441 | E256: 23 | F256: =E256/(1+Forudsætninger!$B$3) -> 18.4 | G256: 9.9 | H256: =IF(OR(G256="",F256=0),"",(F256-G256)/F256) -> 0.46195652 | I256: =IF(G256="","UKENDT",IF(OR(E256=0,H256<0),"KRITISK",IF(H256<0.2,"HØJ",IF(H256<0.35,"MIDDEL","OK")))) -> OK | J256: =IF(G256="","",MAX(E256,CEILING(G256/(1-Forudsætninger!$B$4)*(1+Forudsætninger!$B$3),IF(G256/(1-Forudsætninger!$B$4)*(1+Forudsætninger!$B$3)<50,1,IF(G256/(1-Forudsætninger!$B$4)*(1+Forudsætninger!$B$3)<200,5,10))))) -> 23 | K256: =IF(OR(J256="",E256=0),"",J256/E256-1) -> 0 | L256: =IF(J256="","",(J256/(1+Forudsætninger!$B$3)-G256)/(J256/(1+Forudsætninger!$B$3))) -> 0.46195652 | M256: Ø225mm. Filt 10H (flex) K100 D126. | N256: Hævet 2. sep 2026 fra 8 kr.
A257: Sandpapir | B257: Rondel D126 til girafsliber | C257: Korn 120 | D257: 86439 | E257: 23 | F257: =E257/(1+Forudsætninger!$B$3) -> 18.4 | G257: 9.9 | H257: =IF(OR(G257="",F257=0),"",(F257-G257)/F257) -> 0.46195652 | I257: =IF(G257="","UKENDT",IF(OR(E257=0,H257<0),"KRITISK",IF(H257<0.2,"HØJ",IF(H257<0.35,"MIDDEL","OK")))) -> OK | J257: =IF(G257="","",MAX(E257,CEILING(G257/(1-Forudsætninger!$B$4)*(1+Forudsætninger!$B$3),IF(G257/(1-Forudsætninger!$B$4)*(1+Forudsætninger!$B$3)<50,1,IF(G257/(1-Forudsætninger!$B$4)*(1+Forudsætninger!$B$3)<200,5,10))))) -> 23 | K257: =IF(OR(J257="",E257=0),"",J257/E257-1) -> 0 | L257: =IF(J257="","",(J257/(1+Forudsætninger!$B$3)-G257)/(J257/(1+Forudsætninger!$B$3))) -> 0.46195652 | M257: Ø225mm. Filt 10H (flex) K120. D126. | N257: Hævet 2. sep 2026 fra 8 kr.
A258: Sandpapir | B258: Rondel D126 til girafsliber | C258: Korn 180 | D258: 86444 | E258: 23 | F258: =E258/(1+Forudsætninger!$B$3) -> 18.4 | G258: 9.9 | H258: =IF(OR(G258="",F258=0),"",(F258-G258)/F258) -> 0.46195652 | I258: =IF(G258="","UKENDT",IF(OR(E258=0,H258<0),"KRITISK",IF(H258<0.2,"HØJ",IF(H258<0.35,"MIDDEL","OK")))) -> OK | J258: =IF(G258="","",MAX(E258,CEILING(G258/(1-Forudsætninger!$B$4)*(1+Forudsætninger!$B$3),IF(G258/(1-Forudsætninger!$B$4)*(1+Forudsætninger!$B$3)<50,1,IF(G258/(1-Forudsætninger!$B$4)*(1+Forudsætninger!$B$3)<200,5,10))))) -> 23 | K258: =IF(OR(J258="",E258=0),"",J258/E258-1) -> 0 | L258: =IF(J258="","",(J258/(1+Forudsætninger!$B$3)-G258)/(J258/(1+Forudsætninger!$B$3))) -> 0.46195652 | M258: Ø225mm. Filt 10H (flex) K180. D126. | N258: Hævet 2. sep 2026 fra 8 kr.
A259: Pensler | B259: Fladpensel | Mix | C259: 20mm | D259: 52-44/20 | E259: 59 | F259: =E259/(1+Forudsætninger!$B$3) -> 47.2 | G259: 25.3 | H259: =IF(OR(G259="",F259=0),"",(F259-G259)/F259) -> 0.46398305 | I259: =IF(G259="","UKENDT",IF(OR(E259=0,H259<0),"KRITISK",IF(H259<0.2,"HØJ",IF(H259<0.35,"MIDDEL","OK")))) -> OK | J259: =IF(G259="","",MAX(E259,CEILING(G259/(1-Forudsætninger!$B$4)*(1+Forudsætninger!$B$3),IF(G259/(1-Forudsætninger!$B$4)*(1+Forudsætninger!$B$3)<50,1,IF(G259/(1-Forudsætninger!$B$4)*(1+Forudsætninger!$B$3)<200,5,10))))) -> 60 | K259: =IF(OR(J259="",E259=0),"",J259/E259-1) -> 0.016949153 | L259: =IF(J259="","",(J259/(1+Forudsætninger!$B$3)-G259)/(J259/(1+Forudsætninger!$B$3))) -> 0.47291667 | M259: Gamma Pura Setola Flad 20. Natur. 44/20
A260: Rullehåndtag | B260: Håndtag blå | C260: 10cm | D260: 1031-366 | E260: 29 | F260: =E260/(1+Forudsætninger!$B$3) -> 23.2 | G260: 12.43 | H260: =IF(OR(G260="",F260=0),"",(F260-G260)/F260) -> 0.46422414 | I260: =IF(G260="","UKENDT",IF(OR(E260=0,H260<0),"KRITISK",IF(H260<0.2,"HØJ",IF(H260<0.35,"MIDDEL","OK")))) -> OK | J260: =IF(G260="","",MAX(E260,CEILING(G260/(1-Forudsætninger!$B$4)*(1+Forudsætninger!$B$3),IF(G260/(1-Forudsætninger!$B$4)*(1+Forudsætninger!$B$3)<50,1,IF(G260/(1-Forudsætninger!$B$4)*(1+Forudsætninger!$B$3)<200,5,10))))) -> 29 | K260: =IF(OR(J260="",E260=0),"",J260/E260-1) -> 0 | L260: =IF(J260="","",(J260/(1+Forudsætninger!$B$3)-G260)/(J260/(1+Forudsætninger!$B$3))) -> 0.46422414 | M260: Blå Håndtag 10cm. Alm. Plast.
A261: Pensler | B261: Facadepensel | Mix | C261: 100mm | D261: 52-212/310 | E261: 170 | F261: =E261/(1+Forudsætninger!$B$3) -> 136 | G261: 72.776 | H261: =IF(OR(G261="",F261=0),"",(F261-G261)/F261) -> 0.46488235 | I261: =IF(G261="","UKENDT",IF(OR(E261=0,H261<0),"KRITISK",IF(H261<0.2,"HØJ",IF(H261<0.35,"MIDDEL","OK")))) -> OK | J261: =IF(G261="","",MAX(E261,CEILING(G261/(1-Forudsætninger!$B$4)*(1+Forudsætninger!$B$3),IF(G261/(1-Forudsætninger!$B$4)*(1+Forudsætninger!$B$3)<50,1,IF(G261/(1-Forudsætninger!$B$4)*(1+Forudsætninger!$B$3)<200,5,10))))) -> 170 | K261: =IF(OR(J261="",E261=0),"",J261/E261-1) -> 0 | L261: =IF(J261="","",(J261/(1+Forudsætninger!$B$3)-G261)/(J261/(1+Forudsætninger!$B$3))) -> 0.46488235 | M261: Gamma Anstryge mix børster 3x100 | N261: Hævet 2. sep 2026 fra 72 kr.
A262: Pensler | B262: Facadepensel | Gemini | C262: 75mm | D262: 52-428/7520F1 | E262: 244 | F262: =E262/(1+Forudsætninger!$B$3) -> 195.2 | G262: 103.95 | H262: =IF(OR(G262="",F262=0),"",(F262-G262)/F262) -> 0.46746926 | I262: =IF(G262="","UKENDT",IF(OR(E262=0,H262<0),"KRITISK",IF(H262<0.2,"HØJ",IF(H262<0.35,"MIDDEL","OK")))) -> OK | J262: =IF(G262="","",MAX(E262,CEILING(G262/(1-Forudsætninger!$B$4)*(1+Forudsætninger!$B$3),IF(G262/(1-Forudsætninger!$B$4)*(1+Forudsætninger!$B$3)<50,1,IF(G262/(1-Forudsætninger!$B$4)*(1+Forudsætninger!$B$3)<200,5,10))))) -> 244 | K262: =IF(OR(J262="",E262=0),"",J262/E262-1) -> 0 | L262: =IF(J262="","",(J262/(1+Forudsætninger!$B$3)-G262)/(J262/(1+Forudsætninger!$B$3))) -> 0.46746926 | M262: Gemini Facadepensel 75x20
A263: Diverse | B263: Penselsæt | C263: – | D263: 130003SB | E263: 70 | F263: =E263/(1+Forudsætninger!$B$3) -> 56 | G263: 29.7 | H263: =IF(OR(G263="",F263=0),"",(F263-G263)/F263) -> 0.46964286 | I263: =IF(G263="","UKENDT",IF(OR(E263=0,H263<0),"KRITISK",IF(H263<0.2,"HØJ",IF(H263<0.35,"MIDDEL","OK")))) -> OK | J263: =IF(G263="","",MAX(E263,CEILING(G263/(1-Forudsætninger!$B$4)*(1+Forudsætninger!$B$3),IF(G263/(1-Forudsætninger!$B$4)*(1+Forudsætninger!$B$3)<50,1,IF(G263/(1-Forudsætninger!$B$4)*(1+Forudsætninger!$B$3)<200,5,10))))) -> 70 | K263: =IF(OR(J263="",E263=0),"",J263/E263-1) -> 0 | L263: =IF(J263="","",(J263/(1+Forudsætninger!$B$3)-G263)/(J263/(1+Forudsætninger!$B$3))) -> 0.46964286 | M263: Cykellak pensel Lyse børster Sæt 1-2-3 | N263: Hævet 2. sep 2026 fra 37 kr.
A264: Pensler | B264: Radiatorpensel | Natur | C264: 50mm | D264: 52-23/50 | E264: 100 | F264: =E264/(1+Forudsætninger!$B$3) -> 80 | G264: 42.262 | H264: =IF(OR(G264="",F264=0),"",(F264-G264)/F264) -> 0.471725 | I264: =IF(G264="","UKENDT",IF(OR(E264=0,H264<0),"KRITISK",IF(H264<0.2,"HØJ",IF(H264<0.35,"MIDDEL","OK")))) -> OK | J264: =IF(G264="","",MAX(E264,CEILING(G264/(1-Forudsætninger!$B$4)*(1+Forudsætninger!$B$3),IF(G264/(1-Forudsætninger!$B$4)*(1+Forudsætninger!$B$3)<50,1,IF(G264/(1-Forudsætninger!$B$4)*(1+Forudsætninger!$B$3)<200,5,10))))) -> 100 | K264: =IF(OR(J264="",E264=0),"",J264/E264-1) -> 0 | L264: =IF(J264="","",(J264/(1+Forudsætninger!$B$3)-G264)/(J264/(1+Forudsætninger!$B$3))) -> 0.471725 | M264: Radiatorpensel 50mm - S. 23. | N264: Hævet 2. sep 2026 fra 52 kr.
A265: Ruller | B265: Strukturrulle | Ruller | C265: 11 cm | D265: 15681000-11 | E265: 60 | F265: =E265/(1+Forudsætninger!$B$3) -> 48 | G265: 25.3 | H265: =IF(OR(G265="",F265=0),"",(F265-G265)/F265) -> 0.47291667 | I265: =IF(G265="","UKENDT",IF(OR(E265=0,H265<0),"KRITISK",IF(H265<0.2,"HØJ",IF(H265<0.35,"MIDDEL","OK")))) -> OK | J265: =IF(G265="","",MAX(E265,CEILING(G265/(1-Forudsætninger!$B$4)*(1+Forudsætninger!$B$3),IF(G265/(1-Forudsætninger!$B$4)*(1+Forudsætninger!$B$3)<50,1,IF(G265/(1-Forudsætninger!$B$4)*(1+Forudsætninger!$B$3)<200,5,10))))) -> 60 | K265: =IF(OR(J265="",E265=0),"",J265/E265-1) -> 0 | L265: =IF(J265="","",(J265/(1+Forudsætninger!$B$3)-G265)/(J265/(1+Forudsætninger!$B$3))) -> 0.47291667 | M265: Strukturrulle 10 cm - 613791 | N265: Hævet 2. sep 2026 fra 31 kr.
A266: Pensler | B266: Stickpensel | Soft | C266: 50mm | D266: 52-314/50F1 | E266: 102 | F266: =E266/(1+Forudsætninger!$B$3) -> 81.6 | G266: 42.9 | H266: =IF(OR(G266="",F266=0),"",(F266-G266)/F266) -> 0.47426471 | I266: =IF(G266="","UKENDT",IF(OR(E266=0,H266<0),"KRITISK",IF(H266<0.2,"HØJ",IF(H266<0.35,"MIDDEL","OK")))) -> OK | J266: =IF(G266="","",MAX(E266,CEILING(G266/(1-Forudsætninger!$B$4)*(1+Forudsætninger!$B$3),IF(G266/(1-Forudsætninger!$B$4)*(1+Forudsætninger!$B$3)<50,1,IF(G266/(1-Forudsætninger!$B$4)*(1+Forudsætninger!$B$3)<200,5,10))))) -> 102 | K266: =IF(OR(J266="",E266=0),"",J266/E266-1) -> 0 | L266: =IF(J266="","",(J266/(1+Forudsætninger!$B$3)-G266)/(J266/(1+Forudsætninger!$B$3))) -> 0.47426471 | M266: ProNelli Soft. Synt. Stick 50 mm
A267: Pensler | B267: Stickpensel | Gemini | C267: 50mm | D267: 52-293/50F1 | E267: 102 | F267: =E267/(1+Forudsætninger!$B$3) -> 81.6 | G267: 42.9 | H267: =IF(OR(G267="",F267=0),"",(F267-G267)/F267) -> 0.47426471 | I267: =IF(G267="","UKENDT",IF(OR(E267=0,H267<0),"KRITISK",IF(H267<0.2,"HØJ",IF(H267<0.35,"MIDDEL","OK")))) -> OK | J267: =IF(G267="","",MAX(E267,CEILING(G267/(1-Forudsætninger!$B$4)*(1+Forudsætninger!$B$3),IF(G267/(1-Forudsætninger!$B$4)*(1+Forudsætninger!$B$3)<50,1,IF(G267/(1-Forudsætninger!$B$4)*(1+Forudsætninger!$B$3)<200,5,10))))) -> 102 | K267: =IF(OR(J267="",E267=0),"",J267/E267-1) -> 0 | L267: =IF(J267="","",(J267/(1+Forudsætninger!$B$3)-G267)/(J267/(1+Forudsætninger!$B$3))) -> 0.47426471 | M267: ProNelli Gemini Synt. Stick 50mm.
A268: Pensler | B268: Fladpensel | Mix | C268: 60mm | D268: 52-44/60 | E268: 102 | F268: =E268/(1+Forudsætninger!$B$3) -> 81.6 | G268: 42.9 | H268: =IF(OR(G268="",F268=0),"",(F268-G268)/F268) -> 0.47426471 | I268: =IF(G268="","UKENDT",IF(OR(E268=0,H268<0),"KRITISK",IF(H268<0.2,"HØJ",IF(H268<0.35,"MIDDEL","OK")))) -> OK | J268: =IF(G268="","",MAX(E268,CEILING(G268/(1-Forudsætninger!$B$4)*(1+Forudsætninger!$B$3),IF(G268/(1-Forudsætninger!$B$4)*(1+Forudsætninger!$B$3)<50,1,IF(G268/(1-Forudsætninger!$B$4)*(1+Forudsætninger!$B$3)<200,5,10))))) -> 102 | K268: =IF(OR(J268="",E268=0),"",J268/E268-1) -> 0 | L268: =IF(J268="","",(J268/(1+Forudsætninger!$B$3)-G268)/(J268/(1+Forudsætninger!$B$3))) -> 0.47426471 | M268: Gamma Pura Setola Flad 60. Natur. 44/60
A269: Pensler | B269: Fladpensel | Mix | C269: 50mm | D269: 52-44/50 | E269: 92 | F269: =E269/(1+Forudsætninger!$B$3) -> 73.6 | G269: 38.5 | H269: =IF(OR(G269="",F269=0),"",(F269-G269)/F269) -> 0.47690217 | I269: =IF(G269="","UKENDT",IF(OR(E269=0,H269<0),"KRITISK",IF(H269<0.2,"HØJ",IF(H269<0.35,"MIDDEL","OK")))) -> OK | J269: =IF(G269="","",MAX(E269,CEILING(G269/(1-Forudsætninger!$B$4)*(1+Forudsætninger!$B$3),IF(G269/(1-Forudsætninger!$B$4)*(1+Forudsætninger!$B$3)<50,1,IF(G269/(1-Forudsætninger!$B$4)*(1+Forudsætninger!$B$3)<200,5,10))))) -> 92 | K269: =IF(OR(J269="",E269=0),"",J269/E269-1) -> 0 | L269: =IF(J269="","",(J269/(1+Forudsætninger!$B$3)-G269)/(J269/(1+Forudsætninger!$B$3))) -> 0.47690217 | M269: Gamma Pura Setola Flad 50. Natur. 44/50
A270: Diverse | B270: Cykellakpensel | C270: 30 mm | D270: 440004 | E270: 29 | F270: =E270/(1+Forudsætninger!$B$3) -> 23.2 | G270: 12.1 | H270: =IF(OR(G270="",F270=0),"",(F270-G270)/F270) -> 0.47844828 | I270: =IF(G270="","UKENDT",IF(OR(E270=0,H270<0),"KRITISK",IF(H270<0.2,"HØJ",IF(H270<0.35,"MIDDEL","OK")))) -> OK | J270: =IF(G270="","",MAX(E270,CEILING(G270/(1-Forudsætninger!$B$4)*(1+Forudsætninger!$B$3),IF(G270/(1-Forudsætninger!$B$4)*(1+Forudsætninger!$B$3)<50,1,IF(G270/(1-Forudsætninger!$B$4)*(1+Forudsætninger!$B$3)<200,5,10))))) -> 29 | K270: =IF(OR(J270="",E270=0),"",J270/E270-1) -> 0 | L270: =IF(J270="","",(J270/(1+Forudsætninger!$B$3)-G270)/(J270/(1+Forudsætninger!$B$3))) -> 0.47844828 | M270: Cykellak pensel Lyse børster no 4
A271: Spartler | B271: Spartel | C271: 100 mm | D271: 52-268/100 | E271: 161 | F271: =E271/(1+Forudsætninger!$B$3) -> 128.8 | G271: 66 | H271: =IF(OR(G271="",F271=0),"",(F271-G271)/F271) -> 0.48757764 | I271: =IF(G271="","UKENDT",IF(OR(E271=0,H271<0),"KRITISK",IF(H271<0.2,"HØJ",IF(H271<0.35,"MIDDEL","OK")))) -> OK | J271: =IF(G271="","",MAX(E271,CEILING(G271/(1-Forudsætninger!$B$4)*(1+Forudsætninger!$B$3),IF(G271/(1-Forudsætninger!$B$4)*(1+Forudsætninger!$B$3)<50,1,IF(G271/(1-Forudsætninger!$B$4)*(1+Forudsætninger!$B$3)<200,5,10))))) -> 161 | K271: =IF(OR(J271="",E271=0),"",J271/E271-1) -> 0 | L271: =IF(J271="","",(J271/(1+Forudsætninger!$B$3)-G271)/(J271/(1+Forudsætninger!$B$3))) -> 0.48757764 | M271: ProNelli spartel 100mm
A272: Pensler | B272: Fladpensel | Mix | C272: 30mm | D272: 52-44/30 | E272: 68 | F272: =E272/(1+Forudsætninger!$B$3) -> 54.4 | G272: 27.5 | H272: =IF(OR(G272="",F272=0),"",(F272-G272)/F272) -> 0.49448529 | I272: =IF(G272="","UKENDT",IF(OR(E272=0,H272<0),"KRITISK",IF(H272<0.2,"HØJ",IF(H272<0.35,"MIDDEL","OK")))) -> OK | J272: =IF(G272="","",MAX(E272,CEILING(G272/(1-Forudsætninger!$B$4)*(1+Forudsætninger!$B$3),IF(G272/(1-Forudsætninger!$B$4)*(1+Forudsætninger!$B$3)<50,1,IF(G272/(1-Forudsætninger!$B$4)*(1+Forudsætninger!$B$3)<200,5,10))))) -> 68 | K272: =IF(OR(J272="",E272=0),"",J272/E272-1) -> 0 | L272: =IF(J272="","",(J272/(1+Forudsætninger!$B$3)-G272)/(J272/(1+Forudsætninger!$B$3))) -> 0.49448529 | M272: Gamma Pura Setola Flad 30. Natur. 44/30
A273: Spartler | B273: Spartel | C273: 90 mm | D273: 52-268/90 | E273: 147 | F273: =E273/(1+Forudsætninger!$B$3) -> 117.6 | G273: 59.4 | H273: =IF(OR(G273="",F273=0),"",(F273-G273)/F273) -> 0.49489796 | I273: =IF(G273="","UKENDT",IF(OR(E273=0,H273<0),"KRITISK",IF(H273<0.2,"HØJ",IF(H273<0.35,"MIDDEL","OK")))) -> OK | J273: =IF(G273="","",MAX(E273,CEILING(G273/(1-Forudsætninger!$B$4)*(1+Forudsætninger!$B$3),IF(G273/(1-Forudsætninger!$B$4)*(1+Forudsætninger!$B$3)<50,1,IF(G273/(1-Forudsætninger!$B$4)*(1+Forudsætninger!$B$3)<200,5,10))))) -> 147 | K273: =IF(OR(J273="",E273=0),"",J273/E273-1) -> 0 | L273: =IF(J273="","",(J273/(1+Forudsætninger!$B$3)-G273)/(J273/(1+Forudsætninger!$B$3))) -> 0.49489796 | M273: ProNelli spartel 90mm
A274: Pensler | B274: Fladpensel | Mix | C274: 40mm | D274: 52-44/40 | E274: 79 | F274: =E274/(1+Forudsætninger!$B$3) -> 63.2 | G274: 31.9 | H274: =IF(OR(G274="",F274=0),"",(F274-G274)/F274) -> 0.49525316 | I274: =IF(G274="","UKENDT",IF(OR(E274=0,H274<0),"KRITISK",IF(H274<0.2,"HØJ",IF(H274<0.35,"MIDDEL","OK")))) -> OK | J274: =IF(G274="","",MAX(E274,CEILING(G274/(1-Forudsætninger!$B$4)*(1+Forudsætninger!$B$3),IF(G274/(1-Forudsætninger!$B$4)*(1+Forudsætninger!$B$3)<50,1,IF(G274/(1-Forudsætninger!$B$4)*(1+Forudsætninger!$B$3)<200,5,10))))) -> 79 | K274: =IF(OR(J274="",E274=0),"",J274/E274-1) -> 0 | L274: =IF(J274="","",(J274/(1+Forudsætninger!$B$3)-G274)/(J274/(1+Forudsætninger!$B$3))) -> 0.49525316 | M274: Gamma Pura Setola Flad 40. Natur. 44/40
A275: Spartler | B275: Spartel | C275: 80 mm | D275: 52-268/80 | E275: 142 | F275: =E275/(1+Forudsætninger!$B$3) -> 113.6 | G275: 55 | H275: =IF(OR(G275="",F275=0),"",(F275-G275)/F275) -> 0.51584507 | I275: =IF(G275="","UKENDT",IF(OR(E275=0,H275<0),"KRITISK",IF(H275<0.2,"HØJ",IF(H275<0.35,"MIDDEL","OK")))) -> OK | J275: =IF(G275="","",MAX(E275,CEILING(G275/(1-Forudsætninger!$B$4)*(1+Forudsætninger!$B$3),IF(G275/(1-Forudsætninger!$B$4)*(1+Forudsætninger!$B$3)<50,1,IF(G275/(1-Forudsætninger!$B$4)*(1+Forudsætninger!$B$3)<200,5,10))))) -> 142 | K275: =IF(OR(J275="",E275=0),"",J275/E275-1) -> 0 | L275: =IF(J275="","",(J275/(1+Forudsætninger!$B$3)-G275)/(J275/(1+Forudsætninger!$B$3))) -> 0.51584507 | M275: ProNelli spartel 80mm
A276: Spartler | B276: Spartel | C276: 70 mm | D276: 52-268/70 | E276: 132 | F276: =E276/(1+Forudsætninger!$B$3) -> 105.6 | G276: 50.6 | H276: =IF(OR(G276="",F276=0),"",(F276-G276)/F276) -> 0.52083333 | I276: =IF(G276="","UKENDT",IF(OR(E276=0,H276<0),"KRITISK",IF(H276<0.2,"HØJ",IF(H276<0.35,"MIDDEL","OK")))) -> OK | J276: =IF(G276="","",MAX(E276,CEILING(G276/(1-Forudsætninger!$B$4)*(1+Forudsætninger!$B$3),IF(G276/(1-Forudsætninger!$B$4)*(1+Forudsætninger!$B$3)<50,1,IF(G276/(1-Forudsætninger!$B$4)*(1+Forudsætninger!$B$3)<200,5,10))))) -> 132 | K276: =IF(OR(J276="",E276=0),"",J276/E276-1) -> 0 | L276: =IF(J276="","",(J276/(1+Forudsætninger!$B$3)-G276)/(J276/(1+Forudsætninger!$B$3))) -> 0.52083333 | M276: ProNelli spartel 70mm
A277: Spartler | B277: Spartel | C277: 30 mm | D277: 52-268/30 | E277: 90 | F277: =E277/(1+Forudsætninger!$B$3) -> 72 | G277: 34.1 | H277: =IF(OR(G277="",F277=0),"",(F277-G277)/F277) -> 0.52638889 | I277: =IF(G277="","UKENDT",IF(OR(E277=0,H277<0),"KRITISK",IF(H277<0.2,"HØJ",IF(H277<0.35,"MIDDEL","OK")))) -> OK | J277: =IF(G277="","",MAX(E277,CEILING(G277/(1-Forudsætninger!$B$4)*(1+Forudsætninger!$B$3),IF(G277/(1-Forudsætninger!$B$4)*(1+Forudsætninger!$B$3)<50,1,IF(G277/(1-Forudsætninger!$B$4)*(1+Forudsætninger!$B$3)<200,5,10))))) -> 90 | K277: =IF(OR(J277="",E277=0),"",J277/E277-1) -> 0 | L277: =IF(J277="","",(J277/(1+Forudsætninger!$B$3)-G277)/(J277/(1+Forudsætninger!$B$3))) -> 0.52638889 | M277: ProNelli spartel 30mm
... A287: Ruller | B287: Glatlak rulle 18-25 cm | Ruller | C287: 18 cm | D287: 402-18R | E287: 118 | F287: =E287/(1+Forudsætninger!$B$3) -> 94.4 | G287: 38.5 | H287: =IF(OR(G287="",F287=0),"",(F287-G287)/F287) -> 0.59216102 | I287: =IF(G287="","UKENDT",IF(OR(E287=0,H287<0),"KRITISK",IF(H287<0.2,"HØJ",IF(H287<0.35,"MIDDEL","OK")))) -> OK | J287: =IF(G287="","",MAX(E287,CEILING(G287/(1-Forudsætninger!$B$4)*(1+Forudsætninger!$B$3),IF(G287/(1-Forudsætninger!$B$4)*(1+Forudsætninger!$B$3)<50,1,IF(G287/(1-Forudsætninger!$B$4)*(1+Forudsætninger!$B$3)<200,5,10))))) -> 118 | K287: =IF(OR(J287="",E287=0),"",J287/E287-1) -> 0 | L287: =IF(J287="","",(J287/(1+Forudsætninger!$B$3)-G287)/(J287/(1+Forudsætninger!$B$3))) -> 0.59216102 | M287: Glatrulle 18 cm
A288: Diverse | B288: Afskærmningsbånd | C288: 80 mm | D288: 391-80 | E288: 540 | F288: =E288/(1+Forudsætninger!$B$3) -> 432 | H288: =IF(OR(G288="",F288=0),"",(F288-G288)/F288) | I288: =IF(G288="","UKENDT",IF(OR(E288=0,H288<0),"KRITISK",IF(H288<0.2,"HØJ",IF(H288<0.35,"MIDDEL","OK")))) -> UKENDT | J288: =IF(G288="","",MAX(E288,CEILING(G288/(1-Forudsætninger!$B$4)*(1+Forudsætninger!$B$3),IF(G288/(1-Forudsætninger!$B$4)*(1+Forudsætninger!$B$3)<50,1,IF(G288/(1-Forudsætninger!$B$4)*(1+Forudsætninger!$B$3)<200,5,10))))) | K288: =IF(OR(J288="",E288=0),"",J288/E288-1) | L288: =IF(J288="","",(J288/(1+Forudsætninger!$B$3)-G288)/(J288/(1+Forudsætninger!$B$3)))
A289: Tape | B289: Duoband WUG | Tape | C289: 35 mm | D289: 310-35 | E289: 360 | F289: =E289/(1+Forudsætninger!$B$3) -> 288 | H289: =IF(OR(G289="",F289=0),"",(F289-G289)/F289) | I289: =IF(G289="","UKENDT",IF(OR(E289=0,H289<0),"KRITISK",IF(H289<0.2,"HØJ",IF(H289<0.35,"MIDDEL","OK")))) -> UKENDT | J289: =IF(G289="","",MAX(E289,CEILING(G289/(1-Forudsætninger!$B$4)*(1+Forudsætninger!$B$3),IF(G289/(1-Forudsætninger!$B$4)*(1+Forudsætninger!$B$3)<50,1,IF(G289/(1-Forudsætninger!$B$4)*(1+Forudsætninger!$B$3)<200,5,10))))) | K289: =IF(OR(J289="",E289=0),"",J289/E289-1) | L289: =IF(J289="","",(J289/(1+Forudsætninger!$B$3)-G289)/(J289/(1+Forudsætninger!$B$3)))
A290: Diverse | B290: Fladpensel | C290: 50 mm | D290: 52-FACILE/50 | E290: 28 | F290: =E290/(1+Forudsætninger!$B$3) -> 22.4 | H290: =IF(OR(G290="",F290=0),"",(F290-G290)/F290) | I290: =IF(G290="","UKENDT",IF(OR(E290=0,H290<0),"KRITISK",IF(H290<0.2,"HØJ",IF(H290<0.35,"MIDDEL","OK")))) -> UKENDT | J290: =IF(G290="","",MAX(E290,CEILING(G290/(1-Forudsætninger!$B$4)*(1+Forudsætninger!$B$3),IF(G290/(1-Forudsætninger!$B$4)*(1+Forudsætninger!$B$3)<50,1,IF(G290/(1-Forudsætninger!$B$4)*(1+Forudsætninger!$B$3)<200,5,10))))) | K290: =IF(OR(J290="",E290=0),"",J290/E290-1) | L290: =IF(J290="","",(J290/(1+Forudsætninger!$B$3)-G290)/(J290/(1+Forudsætninger!$B$3)))
A291: Tilbehør | B291: Plast skraber glasvæv | C291: – | D291: 805501 | E291: 89 | F291: =E291/(1+Forudsætninger!$B$3) -> 71.2 | H291: =IF(OR(G291="",F291=0),"",(F291-G291)/F291) | I291: =IF(G291="","UKENDT",IF(OR(E291=0,H291<0),"KRITISK",IF(H291<0.2,"HØJ",IF(H291<0.35,"MIDDEL","OK")))) -> UKENDT | J291: =IF(G291="","",MAX(E291,CEILING(G291/(1-Forudsætninger!$B$4)*(1+Forudsætninger!$B$3),IF(G291/(1-Forudsætninger!$B$4)*(1+Forudsætninger!$B$3)<50,1,IF(G291/(1-Forudsætninger!$B$4)*(1+Forudsætninger!$B$3)<200,5,10))))) | K291: =IF(OR(J291="",E291=0),"",J291/E291-1) | L291: =IF(J291="","",(J291/(1+Forudsætninger!$B$3)-G291)/(J291/(1+Forudsætninger!$B$3)))
A292: Diverse | B292: Plastlåg | C292: 25ltr | D292: 55550200 | E292: 12 | F292: =E292/(1+Forudsætninger!$B$3) -> 9.6 | H292: =IF(OR(G292="",F292=0),"",(F292-G292)/F292) | I292: =IF(G292="","UKENDT",IF(OR(E292=0,H292<0),"KRITISK",IF(H292<0.2,"HØJ",IF(H292<0.35,"MIDDEL","OK")))) -> UKENDT | J292: =IF(G292="","",MAX(E292,CEILING(G292/(1-Forudsætninger!$B$4)*(1+Forudsætninger!$B$3),IF(G292/(1-Forudsætninger!$B$4)*(1+Forudsætninger!$B$3)<50,1,IF(G292/(1-Forudsætninger!$B$4)*(1+Forudsætninger!$B$3)<200,5,10))))) | K292: =IF(OR(J292="",E292=0),"",J292/E292-1) | L292: =IF(J292="","",(J292/(1+Forudsætninger!$B$3)-G292)/(J292/(1+Forudsætninger!$B$3)))
A293: Diverse | B293: Plastlåg | C293: 5ltr | D293: 55550600 | E293: 15 | F293: =E293/(1+Forudsætninger!$B$3) -> 12 | H293: =IF(OR(G293="",F293=0),"",(F293-G293)/F293) | I293: =IF(G293="","UKENDT",IF(OR(E293=0,H293<0),"KRITISK",IF(H293<0.2,"HØJ",IF(H293<0.35,"MIDDEL","OK")))) -> UKENDT | J293: =IF(G293="","",MAX(E293,CEILING(G293/(1-Forudsætninger!$B$4)*(1+Forudsætninger!$B$3),IF(G293/(1-Forudsætninger!$B$4)*(1+Forudsætninger!$B$3)<50,1,IF(G293/(1-Forudsætninger!$B$4)*(1+Forudsætninger!$B$3)<200,5,10))))) | K293: =IF(OR(J293="",E293=0),"",J293/E293-1) | L293: =IF(J293="","",(J293/(1+Forudsætninger!$B$3)-G293)/(J293/(1+Forudsætninger!$B$3)))
A294: Diverse | B294: Plastlåg | C294: 10ltr | D294: 55551100 | E294: 23 | F294: =E294/(1+Forudsætninger!$B$3) -> 18.4 | H294: =IF(OR(G294="",F294=0),"",(F294-G294)/F294) | I294: =IF(G294="","UKENDT",IF(OR(E294=0,H294<0),"KRITISK",IF(H294<0.2,"HØJ",IF(H294<0.35,"MIDDEL","OK")))) -> UKENDT | J294: =IF(G294="","",MAX(E294,CEILING(G294/(1-Forudsætninger!$B$4)*(1+Forudsætninger!$B$3),IF(G294/(1-Forudsætninger!$B$4)*(1+Forudsætninger!$B$3)<50,1,IF(G294/(1-Forudsætninger!$B$4)*(1+Forudsætninger!$B$3)<200,5,10))))) | K294: =IF(OR(J294="",E294=0),"",J294/E294-1) | L294: =IF(J294="","",(J294/(1+Forudsætninger!$B$3)-G294)/(J294/(1+Forudsætninger!$B$3)))
A295: Diverse | B295: Plastspand | C295: 25ltr | D295: 55550202 | E295: 38 | F295: =E295/(1+Forudsætninger!$B$3) -> 30.4 | H295: =IF(OR(G295="",F295=0),"",(F295-G295)/F295) | I295: =IF(G295="","UKENDT",IF(OR(E295=0,H295<0),"KRITISK",IF(H295<0.2,"HØJ",IF(H295<0.35,"MIDDEL","OK")))) -> UKENDT | J295: =IF(G295="","",MAX(E295,CEILING(G295/(1-Forudsætninger!$B$4)*(1+Forudsætninger!$B$3),IF(G295/(1-Forudsætninger!$B$4)*(1+Forudsætninger!$B$3)<50,1,IF(G295/(1-Forudsætninger!$B$4)*(1+Forudsætninger!$B$3)<200,5,10))))) | K295: =IF(OR(J295="",E295=0),"",J295/E295-1) | L295: =IF(J295="","",(J295/(1+Forudsætninger!$B$3)-G295)/(J295/(1+Forudsætninger!$B$3)))
...

Sheet Forudsætninger
A1: Forudsætninger
A3: Moms | B3: 0.25
A4: Målavance (af pris ekskl. moms) | B4: 0.45
A5: Kilde, kostpriser | B5: "Lars Frey Farve og Lak ruller og pensler.pdf" (special-pris ekskl. moms) i projektmappen
A6: Kilde, salgspriser | B6: Shopify, 2. september 2026 – inkl. de 65 varianter der blev hævet samme dag (se Note-kolonnen)
A7: Kategori | B7: Produktets kategori-tag i Shopify (samme inddeling som på Produkter-siden)
A9: Blå celler kan ændres. Ændrer du målavancen i B4, opdateres "Foreslået pris" på fanen Prisanalyse.
A11: Prioritet | B11: Regel
A12: KRITISK | B12: Sælges under kostpris (negativ avance) eller pris 0 kr
A13: HØJ | B13: Avance under 20 % – dækker knap nok håndtering og fragt
A14: MIDDEL | B14: Avance 20–35 %
A15: OK | B15: Avance 35 % og derover
A16: UKENDT | B16: Ingen kostpris på leverandørlisten
